id,description,brand,model,mp,optical_zoom,digital_zoom,screen_size,price,type
0,canon powershot a710 is 7 1 mp digital camera metallic gray 0013803071122 | ebay,canon,a710,7.1,6.0,,2.5,,point & shoot
1,canon powershot a710 is 7 1 mp digital camera metallic gray 0013803071122 | ebay,canon,a710,7.1,6.0,,2.5,,point & shoot
2,casio exilim g ex g1 12 1 mp digital camera red | ebay,casio,ex g1,12.1,3.0,,2.5,,point & shoot
3,casio exilim g ex g1 12 1 mp digital camera red | ebay,casio,ex g1,12.1,3.0,,2.5,,point & shoot
4,"panasonic lumix digital camera, silver, 16.1 mp, 3.0"" lcd touch screen, 8x reviews | buzzillions.com",panasonic,,16.1,8.0,4.0,,,
5,"panasonic lumix digital camera, silver, 16.1 mp, 3.0"" lcd touch screen, 8x reviews | buzzillions.com",panasonic,,16.1,8.0,4.0,,,
6,"samsung 14mp dual screen digital camera | samsung tl240 digital point & shoot camera, 14mp, 7x optical zoom, 3.5"" wvga full touch screen tft, dual image stabilization - gray reviews - buzzillions.com",samsung,tl240,14.0,7.0,4.0,,,
7,"samsung 14mp dual screen digital camera | samsung tl240 digital point & shoot camera, 14mp, 7x optical zoom, 3.5"" wvga full touch screen tft, dual image stabilization - gray reviews - buzzillions.com",samsung,tl240,14.0,7.0,4.0,,,
8,samsung digimax 5 1mega pixel digital camera 3x opt zoom 044701006107 | ebay,samsung,,5.1,3.0,,2.4,,point & shoot
9,samsung digimax 5 1mega pixel digital camera 3x opt zoom 044701006107 | ebay,samsung,,5.1,3.0,,2.4,,point & shoot
10,"mini digital video cameras camcorder dv dvr 12mp 4xzoom 1 8"" lcd 139 xmas gif | ebay",,4xzoom,12.0,4.0,,1.8,,pocket
11,"mini digital video cameras camcorder dv dvr 12mp 4xzoom 1 8"" lcd 139 xmas gif | ebay",,4xzoom,12.0,4.0,,1.8,,pocket
12,topixo 16mp max resolution underwater digital camera waterproof lomo effect 856960001317 | ebay,,,16.0,,,2.4,,underwater
13,topixo 16mp max resolution underwater digital camera waterproof lomo effect 856960001317 | ebay,,,16.0,,,2.4,,underwater
14,fujifilm finepix f300exr 12 0 mp digital camera black f300exr 074101005004 | ebay,fujifilm,f300exr,12.0,15.0,,3.0,,point & shoot
15,fujifilm finepix f300exr 12 0 mp digital camera black f300exr 074101005004 | ebay,fujifilm,f300exr,12.0,15.0,,3.0,,point & shoot
16,fujifilm finepix s2800hd 14 0 mp digital camera black | ebay,fujifilm,s2800hd,14.0,18.0,,3.0,,point & shoot
17,fujifilm finepix s2800hd 14 0 mp digital camera black | ebay,fujifilm,s2800hd,14.0,18.0,,3.0,,point & shoot
18,fujifilm black finepix s8630 16 megapixel digital camera - walmart.com,fujifilm,s8630,16.0,36.0,2.0,,,
19,fujifilm black finepix s8630 16 megapixel digital camera - walmart.com,fujifilm,s8630,16.0,36.0,2.0,,,
20,ge a1035 10 1mp digital camera silver 3x zoom works great photography 0810027012975 | ebay,ge,a1035,10.1,3.0,,2.5,,point & shoot
21,ge a1035 10 1mp digital camera silver 3x zoom works great photography 0810027012975 | ebay,ge,a1035,10.1,3.0,,2.5,,point & shoot
22,hp photosmart m425 5 0 mp digital camera silver | ebay,hp,m425,5.0,3.0,,1.7,,point & shoot
23,hp photosmart m425 5 0 mp digital camera silver | ebay,hp,m425,5.0,3.0,,1.7,,point & shoot
24,kodak easyshare c340 5 0 mp digital camera silver 041771063870 | ebay,kodak,c340,5.0,3.0,,1.6,,point & shoot
25,kodak easyshare c340 5 0 mp digital camera silver 041771063870 | ebay,kodak,c340,5.0,3.0,,1.6,,point & shoot
26,kodak easyshare c875 8 0 mp digital camera silver | ebay,kodak,c875,8.0,5.0,,2.5,,point & shoot
27,kodak easyshare c875 8 0 mp digital camera silver | ebay,kodak,c875,8.0,5.0,,2.5,,point & shoot
28,"kodak slice picture quality | kodak slice 14mp 3.5"" lcd touchscreen digital camera (radish) reviews - buzzillions.com",kodak,,14.0,5.0,5.0,,,
29,"kodak slice picture quality | kodak slice 14mp 3.5"" lcd touchscreen digital camera (radish) reviews - buzzillions.com",kodak,,14.0,5.0,5.0,,,
30,leica d lux 4 10 1 mp digital camera black | ebay,leica,d lux 4,10.1,2.5,,3.0,,point & shoot
31,leica d lux 4 10 1 mp digital camera black | ebay,leica,d lux 4,10.1,2.5,,3.0,,point & shoot
32,olympus stylus 760 7 1 mp digital camera silver | ebay,olympus,760,7.1,3.0,,2.5,,point & shoot
33,olympus stylus 760 7 1 mp digital camera silver | ebay,olympus,760,7.1,3.0,,2.5,,point & shoot
34,olympus stylus sp 100ee 16 0mp 50x zoom digital camera | ebay,olympus,sp 100ee,16.0,,,,,point & shoot
35,olympus stylus sp 100ee 16 0mp 50x zoom digital camera | ebay,olympus,sp 100ee,16.0,,,,,point & shoot
36,panasonic lumix dmc fp3 14 1 mp digital camera black 885170000742 | ebay,panasonic,fp3,14.1,4.0,,3.0,,point & shoot
37,panasonic lumix dmc fp3 14 1 mp digital camera black 885170000742 | ebay,panasonic,fp3,14.1,4.0,,3.0,,point & shoot
38,panasonic lumix dmc fx33 8 1mp digital camera leica lens made in japan pink ayu | ebay,panasonic,fx33,8.1,3.6,,2.5,,point & shoot
39,panasonic lumix dmc fx33 8 1mp digital camera leica lens made in japan pink ayu | ebay,panasonic,fx33,8.1,3.6,,2.5,,point & shoot
40,panasonic palmcam pv sd4090 1 3 mp digital camera black silver 0037988978236 | ebay,panasonic,sd4090,1.3,3.0,,2.5,,point & shoot
41,panasonic palmcam pv sd4090 1 3 mp digital camera black silver 0037988978236 | ebay,panasonic,sd4090,1.3,3.0,,2.5,,point & shoot
42,panasonic lumix dmc sz7 14 1 mp digital camera black | ebay,panasonic,sz7,14.1,10.0,,3.0,,point & shoot
43,panasonic lumix dmc sz7 14 1 mp digital camera black | ebay,panasonic,sz7,14.1,10.0,,3.0,,point & shoot
44,"used pentax optio m60 camera red 10 0 mp 5x optical 6x digital zoom 2 5"" lcd | ebay",pentax,m60,10.0,5.0,,2.5,,compact
45,"used pentax optio m60 camera red 10 0 mp 5x optical 6x digital zoom 2 5"" lcd | ebay",pentax,m60,10.0,5.0,,2.5,,compact
46,samsung nx mini bundle 20 9 mp digital camera white kit w nx m 9 27mm lens | ebay,samsung,,20.9,,,,,mirrorless interchangeable lens
47,samsung nx mini bundle 20 9 mp digital camera white kit w nx m 9 27mm lens | ebay,samsung,,20.9,,,,,mirrorless interchangeable lens
48,samsung digimax 430 4 2 mp digital camera silver 44701004431 | ebay,samsung,,4.2,2.8,,1.5,,point & shoot
49,samsung digimax 430 4 2 mp digital camera silver 44701004431 | ebay,samsung,,4.2,2.8,,1.5,,point & shoot
50,sanyo vpc x1400 14 0 mp digital camera blue 86483078293 | ebay,sanyo,x1400,14.0,4.0,,3.0,,point & shoot
51,sanyo vpc x1400 14 0 mp digital camera blue 86483078293 | ebay,sanyo,x1400,14.0,4.0,,3.0,,point & shoot
52,sony mavica mvc cd200 2 1 mp digital camera silver | ebay,sony,cd200,2.1,3.0,,2.5,,point & shoot
53,sony mavica mvc cd200 2 1 mp digital camera silver | ebay,sony,cd200,2.1,3.0,,2.5,,point & shoot
54,sony cyber shot dsc w320 14 1 mp digital camera silver 027242779181 | ebay,sony,dsc w320,14.1,4.0,,2.7,,point & shoot
55,sony cyber shot dsc w320 14 1 mp digital camera silver 027242779181 | ebay,sony,dsc w320,14.1,4.0,,2.7,,point & shoot
56,sony cyber shot dsc wx7 16 2 mp digital camera black 4905524765144 | ebay,sony,dsc wx7,16.2,5.0,,2.8,,point & shoot
57,sony cyber shot dsc wx7 16 2 mp digital camera black 4905524765144 | ebay,sony,dsc wx7,16.2,5.0,,2.8,,point & shoot
58,sony mavica 2 0 mp digital camera | ebay,sony,,2.0,3.0,,2.5,,point & shoot
59,sony mavica 2 0 mp digital camera | ebay,sony,,2.0,3.0,,2.5,,point & shoot
60,sony camera 1 3 mp | ebay,sony,,1.3,6.0,,,,digital still
61,sony camera 1 3 mp | ebay,sony,,1.3,6.0,,,,digital still
62,vivitar vivicam 3750 3 1 mp digital camera silver | ebay,vivitar,,3.1,,,1.5,,point & shoot
63,vivitar vivicam 3750 3 1 mp digital camera silver | ebay,vivitar,,3.1,,,1.5,,point & shoot
64,vivitar vivicam 355 digital camera 1 3 mp megapixels with user guide case m card | ebay,vivitar,,1.3,2.0,,1.8,,point & shoot
65,vivitar vivicam 355 digital camera 1 3 mp megapixels with user guide case m card | ebay,vivitar,,1.3,2.0,,1.8,,point & shoot
66,"2 7"" tft lcd 16mp hd 720p video digital camcorder camera 16x digital zoom dv | ebay",,16x,16.0,,16.0,,,
67,"2 7"" tft lcd 16mp hd 720p video digital camcorder camera 16x digital zoom dv | ebay",,16x,16.0,,16.0,,,
68,"mini digital video cameras camcorder dv dvr 12mp 4xzoom 1 8"" lcd d139b xmas gift | ebay",,4xzoom,12.0,,,,,mini digital camera
69,"mini digital video cameras camcorder dv dvr 12mp 4xzoom 1 8"" lcd d139b xmas gift | ebay",,4xzoom,12.0,,,,,mini digital camera
70,svp underwater 18mp max digital camera camcorder w dual lcds front back | ebay,,,18.0,,,,,underwater
71,svp underwater 18mp max digital camera camcorder w dual lcds front back | ebay,,,18.0,,,,,underwater
72,svp underwater 18mp max pink digital camera video w dual lcds screen new | ebay,,,18.0,,,,,underwater
73,svp underwater 18mp max pink digital camera video w dual lcds screen new | ebay,,,18.0,,,,,underwater
74,canon powershot a80 4 0 mp digital camera silver | ebay,canon,a80,4.0,3.0,3.6,1.5,,point & shoot
75,canon powershot a80 4 0 mp digital camera silver | ebay,canon,a80,4.0,3.0,3.6,1.5,,point & shoot
76,canon eos m 18 0 mp digital camera black kit w ef m stm 18 55mm lens 013803217452 | ebay,canon,,18.0,18.0,,3.0,,mirrorless interchangeable lens
77,canon eos m 18 0 mp digital camera black kit w ef m stm 18 55mm lens 013803217452 | ebay,canon,,18.0,18.0,,3.0,,mirrorless interchangeable lens
78,canon eos m 18 0 mp digital camera black kit w ef m stm 22mm lens 013803152265 | ebay,canon,,18.0,,,3.0,,mirrorless interchangeable lens
79,canon eos m 18 0 mp digital camera black kit w ef m stm 22mm lens 013803152265 | ebay,canon,,18.0,,,3.0,,mirrorless interchangeable lens
80,new canon eos m 18 0 mp digital camera black kit w ef m stm 18 55mm lens 013803217452 | ebay,canon,,18.0,18.0,,3.0,,mirrorless interchangeable lens
81,new canon eos m 18 0 mp digital camera black kit w ef m stm 18 55mm lens 013803217452 | ebay,canon,,18.0,18.0,,3.0,,mirrorless interchangeable lens
82,casio exilim card ex s7 12 1 mp digital camera purple 79767493530 | ebay,casio,ex s7,12.1,3.0,,2.7,,point & shoot
83,casio exilim card ex s7 12 1 mp digital camera purple 79767493530 | ebay,casio,ex s7,12.1,3.0,,2.7,,point & shoot
84,casio exilim zoom ex z1000 10 1 mp digital camera silver | ebay,casio,ex z1000,10.1,3.0,,2.8,,point & shoot
85,casio exilim zoom ex z1000 10 1 mp digital camera silver | ebay,casio,ex z1000,10.1,3.0,,2.8,,point & shoot
86,"prevent exz550 from editing pictures | casio 14 mp 2.7"" wide lcd blue ex-z550be reviews - buzzillions.com",casio,exz550,14.0,4.0,4.0,,,
87,"prevent exz550 from editing pictures | casio 14 mp 2.7"" wide lcd blue ex-z550be reviews - buzzillions.com",casio,exz550,14.0,4.0,4.0,,,
88,epson r d1s 6 1 mp digital camera body only | ebay,epson,r d1s,6.1,,,2.0,,rangefinder
89,epson r d1s 6 1 mp digital camera body only | ebay,epson,r d1s,6.1,,,2.0,,rangefinder
90,fujifilm finepix a200 2 0 mp digital camera silver 0074101480269 | ebay,fujifilm,a200,2.0,1.0,,1.5,,point & shoot
91,fujifilm finepix a200 2 0 mp digital camera silver 0074101480269 | ebay,fujifilm,a200,2.0,1.0,,1.5,,point & shoot
92,fujifilm finepix s series s4000 14 0 mp digital camera black | ebay,fujifilm,s4000,14.0,30.0,,3.0,,point & shoot
93,fujifilm finepix s series s4000 14 0 mp digital camera black | ebay,fujifilm,s4000,14.0,30.0,,3.0,,point & shoot
94,fujifilm finepix z300 | fujifilm finepix z300 12 mp ccd digital camera reviews - buzzillions.com,fujifilm,z300,12.0,10.0,6.0,,,
95,fujifilm finepix z300 | fujifilm finepix z300 12 mp ccd digital camera reviews - buzzillions.com,fujifilm,z300,12.0,10.0,6.0,,,
96,hp photosmart e317 5 0 mp digital camera silver 829160974088 | ebay,hp,e317,5.0,1.0,,1.5,,point & shoot
97,hp photosmart e317 5 0 mp digital camera silver 829160974088 | ebay,hp,e317,5.0,1.0,,1.5,,point & shoot
98,hp photosmart m525 6 0 mp digital camera silver 882780332355 | ebay,hp,m525,6.0,3.0,,1.7,,point & shoot
99,hp photosmart m525 6 0 mp digital camera silver 882780332355 | ebay,hp,m525,6.0,3.0,,1.7,,point & shoot
100,kodak easyshare c763 7 1 mp digital camera silver | ebay,kodak,c763,7.1,3.0,,2.5,,point & shoot
101,kodak easyshare c763 7 1 mp digital camera silver | ebay,kodak,c763,7.1,3.0,,2.5,,point & shoot
102,kodak easyshare dx6340 3 1 mp digital camera silver | ebay,kodak,dx6340,3.1,4.0,,1.8,,point & shoot
103,kodak easyshare dx6340 3 1 mp digital camera silver | ebay,kodak,dx6340,3.1,4.0,,1.8,,point & shoot
104,kodak easyshare md1063 10 3 mp digital camera red | ebay,kodak,md1063,10.3,3.0,,2.7,,point & shoot
105,kodak easyshare md1063 10 3 mp digital camera red | ebay,kodak,md1063,10.3,3.0,,2.7,,point & shoot
106,kodak easyshare md853 8 2 mp digital camera silver 041771472474 | ebay,kodak,md853,8.2,3.0,,2.5,,point & shoot
107,kodak easyshare md853 8 2 mp digital camera silver 041771472474 | ebay,kodak,md853,8.2,3.0,,2.5,,point & shoot
108,kodak easyshare v1073 10 0 mp digital camera black | ebay,kodak,v1073,10.0,3.0,,3.0,,point & shoot
109,kodak easyshare v1073 10 0 mp digital camera black | ebay,kodak,v1073,10.0,3.0,,3.0,,point & shoot
110,kodak easyshare v550 5 0 mp digital camera midnight black | ebay,kodak,v550,5.0,3.0,,2.5,,point & shoot
111,kodak easyshare v550 5 0 mp digital camera midnight black | ebay,kodak,v550,5.0,3.0,,2.5,,point & shoot
112,(not provided) | kodak easyshare max z990 12mp digital camera (black) reviews - buzzillions.com,kodak,z990,12.0,30.0,5.0,,,
113,(not provided) | kodak easyshare max z990 12mp digital camera (black) reviews - buzzillions.com,kodak,z990,12.0,30.0,5.0,,,
114,konica minolta dimage x 2 0 mp digital camera silver 0043325992780 | ebay,minolta,x 2,2.0,3.0,,1.5,,point & shoot
115,konica minolta dimage x 2 0 mp digital camera silver 0043325992780 | ebay,minolta,x 2,2.0,3.0,,1.5,,point & shoot
116,minox leica mini digital camera lens minoctar 9 6mm 3mp | ebay,minox,minoctar,3.0,,,,,point & shoot
117,minox leica mini digital camera lens minoctar 9 6mm 3mp | ebay,minox,minoctar,3.0,,,,,point & shoot
118,nikon coolpix 3200 3 2 mp digital camera silver 18208255184 | ebay,nikon,3200,3.2,3.0,,1.6,,point & shoot
119,nikon coolpix 3200 3 2 mp digital camera silver 18208255184 | ebay,nikon,3200,3.2,3.0,,1.6,,point & shoot
120,nikon coolpix 4800 4 0 mp 8 3x zoom equiv 36 300mm digital camera silver | ebay,nikon,4800,4.0,8.3,,1.8,,point & shoot
121,nikon coolpix 4800 4 0 mp 8 3x zoom equiv 36 300mm digital camera silver | ebay,nikon,4800,4.0,8.3,,1.8,,point & shoot
122,nikon coolpix 775 2 1 mp digital camera silver | ebay,nikon,775,2.1,3.0,,1.5,,point & shoot
123,nikon coolpix 775 2 1 mp digital camera silver | ebay,nikon,775,2.1,3.0,,1.5,,point & shoot
124,nikon coolpix l16 7 1 mp digital camera matte black 18208096046 | ebay,nikon,l16,7.1,3.0,,2.8,,point & shoot
125,nikon coolpix l16 7 1 mp digital camera matte black 18208096046 | ebay,nikon,l16,7.1,3.0,,2.8,,point & shoot
126,nikon coolpix l4 4 0 mp digital camera silver | ebay,nikon,l4,4.0,3.0,,2.0,,point & shoot
127,nikon coolpix l4 4 0 mp digital camera silver | ebay,nikon,l4,4.0,3.0,,2.0,,point & shoot
128,nikon coolpix s205 12 0 mp digital camera red 018208262267 | ebay,nikon,s205,12.0,4.0,,2.7,,point & shoot
129,nikon coolpix s205 12 0 mp digital camera red 018208262267 | ebay,nikon,s205,12.0,4.0,,2.7,,point & shoot
130,olympus fe 310 8 0 mp digital camera silver | ebay,olympus,fe 310,8.0,5.0,,2.5,,point & shoot
131,olympus fe 310 8 0 mp digital camera silver | ebay,olympus,fe 310,8.0,5.0,,2.5,,point & shoot
132,"panasonic lumix dmc-fh2k 14.1mp digital camera, 28mm wide angle leica dc lens, 2.7 inch lcd display, hd movie recording, sd/sdhc/sdxc, black reviews | buzzillions.com",panasonic,dmc-fh2k,14.1,4.0,4.0,,,
133,"panasonic lumix dmc-fh2k 14.1mp digital camera, 28mm wide angle leica dc lens, 2.7 inch lcd display, hd movie recording, sd/sdhc/sdxc, black reviews | buzzillions.com",panasonic,dmc-fh2k,14.1,4.0,4.0,,,
134,b&h dmc-fx37 | panasonic dmc-fx37k - stylish compact 10 megapixel digital camera (black) -open box reviews - buzzillions.com,panasonic,dmc-fx37,10.0,5.0,4.0,,,
135,b&h dmc-fx37 | panasonic dmc-fx37k - stylish compact 10 megapixel digital camera (black) -open box reviews - buzzillions.com,panasonic,dmc-fx37,10.0,5.0,4.0,,,
136,panasonic lumix dmc-zx1ef-k 12.1 mp digital camera - black | panasonic lumix dmc-fp8-k 12.1mp digital camera - black reviews - buzzillions.com,panasonic,dmc-zx1ef-k,12.1,4.0,4.0,,,
137,panasonic lumix dmc-zx1ef-k 12.1 mp digital camera - black | panasonic lumix dmc-fp8-k 12.1mp digital camera - black reviews - buzzillions.com,panasonic,dmc-zx1ef-k,12.1,4.0,4.0,,,
138,panasonic lumix dmc tz4 8 1 mp digital camera black | ebay,panasonic,tz4,8.1,10.0,,2.5,,point & shoot
139,panasonic lumix dmc tz4 8 1 mp digital camera black | ebay,panasonic,tz4,8.1,10.0,,2.5,,point & shoot
140,panasonic lumix dmc zx3 14 1 mp digital camera 8x optical zoom burgundy | ebay,panasonic,zx3,14.1,8.0,,2.7,,point & shoot
141,panasonic lumix dmc zx3 14 1 mp digital camera 8x optical zoom burgundy | ebay,panasonic,zx3,14.1,8.0,,2.7,,point & shoot
142,pentax optio 750z 7 0 mp digital camera silver 0027075086531 | ebay,pentax,750z,7.0,5.0,,1.8,,point & shoot
143,pentax optio 750z 7 0 mp digital camera silver 0027075086531 | ebay,pentax,750z,7.0,5.0,,1.8,,point & shoot
144,polaroid i834 8 0 mp digital camera purple 826219009890 | ebay,polaroid,i834,8.0,3.0,,3.0,,point & shoot
145,polaroid i834 8 0 mp digital camera purple 826219009890 | ebay,polaroid,i834,8.0,3.0,,3.0,,point & shoot
146,polaroid pogo 5 0 mp digital camera black | ebay,polaroid,pogo,5.0,4.0,,3.0,,point & shoot
147,polaroid pogo 5 0 mp digital camera black | ebay,polaroid,pogo,5.0,4.0,,3.0,,point & shoot
148,ricoh gr iv 10 4 mp digital camera black 026649757235 | ebay,ricoh,gr iv,10.4,,,,,point & shoot
149,ricoh gr iv 10 4 mp digital camera black 026649757235 | ebay,ricoh,gr iv,10.4,,,,,point & shoot
150,samsung digimax a402 4 0 mp digital camera black 044701004356 | ebay,samsung,a402,4.0,,,1.8,,point & shoot
151,samsung digimax a402 4 0 mp digital camera black 044701004356 | ebay,samsung,a402,4.0,,,1.8,,point & shoot
152,samsung bl103 10 2 mp digital camera red 044701009856 | ebay,samsung,bl103,10.2,3.0,,2.7,,point & shoot
153,samsung bl103 10 2 mp digital camera red 044701009856 | ebay,samsung,bl103,10.2,3.0,,2.7,,point & shoot
154,samsung nv7 ops 7 2 mp digital camera with case | ebay,samsung,nv7,7.2,7.0,,2.5,,point & shoot
155,samsung nv7 ops 7 2 mp digital camera with case | ebay,samsung,nv7,7.2,7.0,,2.5,,point & shoot
156,samsung digimax s760 7 2 mp digital camera red 0044701009528 | ebay,samsung,s760,7.2,3.0,,2.4,,point & shoot
157,samsung digimax s760 7 2 mp digital camera red 0044701009528 | ebay,samsung,s760,7.2,3.0,,2.4,,point & shoot
158,"samsung wb200 14.2 mp 18x optical zoom wifi digital camera, white: cameras & camcorders : walmart.com",samsung,wb200,14.2,18.0,,,,
159,"samsung wb200 14.2 mp 18x optical zoom wifi digital camera, white: cameras & camcorders : walmart.com",samsung,wb200,14.2,18.0,,,,
160,original sanyo vpc e1090 digital camera 10 mega for parts repair free shipping 086483072963 | ebay,sanyo,e1090,10.0,3.0,,2.7,,point & shoot
161,original sanyo vpc e1090 digital camera 10 mega for parts repair free shipping 086483072963 | ebay,sanyo,e1090,10.0,3.0,,2.7,,point & shoot
162,sony mavica mvc dd73 0 4 mp digital camera metallic silver working | ebay,sony,dd73,0.4,10.0,,2.5,,point & shoot
163,sony mavica mvc dd73 0 4 mp digital camera metallic silver working | ebay,sony,dd73,0.4,10.0,,2.5,,point & shoot
164,sony cyber shot dsc s90 4 1 mp digital camera silver 0027242673830 | ebay,sony,dsc s90,4.1,3.0,,2.5,,point & shoot
165,sony cyber shot dsc s90 4 1 mp digital camera silver 0027242673830 | ebay,sony,dsc s90,4.1,3.0,,2.5,,point & shoot
166,sony cyber shot dsc t33 5 1 mp digital camera silver inc all accessories 100000479323 | ebay,sony,dsc t33,5.1,3.0,2.0,,,compact
167,sony cyber shot dsc t33 5 1 mp digital camera silver inc all accessories 100000479323 | ebay,sony,dsc t33,5.1,3.0,2.0,,,compact
168,sony cyber shot dsc tx100v 16 2 mp digital camera silver bundle | ebay,sony,dsc tx100v,16.2,4.0,,3.5,,point & shoot
169,sony cyber shot dsc tx100v 16 2 mp digital camera silver bundle | ebay,sony,dsc tx100v,16.2,4.0,,3.5,,point & shoot
170,sony mavica mvc fd88 1 3 mp digital camera metallic gray 0027242556744 | ebay,sony,fd88,1.3,8.0,,2.5,,point & shoot
171,sony mavica mvc fd88 1 3 mp digital camera metallic gray 0027242556744 | ebay,sony,fd88,1.3,8.0,,2.5,,point & shoot
172,sony fd 87 mavica 1 3 mega pixels camera | ebay,sony,,1.3,6.0,,,,digital still
173,sony fd 87 mavica 1 3 mega pixels camera | ebay,sony,,1.3,6.0,,,,digital still
174,vivitar v69379m 12 0 mp digital camera silver 681066704844 | ebay,vivitar,v69379m,12.0,,,,,point & shoot
175,vivitar v69379m 12 0 mp digital camera silver 681066704844 | ebay,vivitar,v69379m,12.0,,,,,point & shoot
176,vivitar x426 all weather camera 10 1 mega pixels 8x digital zoom waterproof new | ebay,vivitar,x426,10.1,8.0,,,,underwater
177,vivitar x426 all weather camera 10 1 mega pixels 8x digital zoom waterproof new | ebay,vivitar,x426,10.1,8.0,,,,underwater
178,vivitar vivicam 3350 0 3 mp digital camera silver blue used seems to work | ebay,vivitar,,0.3,,,2.4,,point & shoot
179,vivitar vivicam 3350 0 3 mp digital camera silver blue used seems to work | ebay,vivitar,,0.3,,,2.4,,point & shoot
180,svp aqua5500 blue 18mp underwater digital camera camcorder | ebay,,aqua5500,18.0,,,,,point & shoot
181,svp aqua5500 blue 18mp underwater digital camera camcorder | ebay,,aqua5500,18.0,,,,,point & shoot
182,"2.0 megapixel wireless wifi 1920 x 1080p hd network ip cctv security camera - buy hd network ip cctv security camera,outdoor wireless wifi hd ip security camera,outdoor hd wifi ip camera product on alibaba.com",,,2.0,,,,100.0,
183,"2.0 megapixel wireless wifi 1920 x 1080p hd network ip cctv security camera - buy hd network ip cctv security camera,outdoor wireless wifi hd ip security camera,outdoor hd wifi ip camera product on alibaba.com",,,2.0,,,,100.0,
184,svp 20mp underwater shockproof digital camera video dual lcds screen orange | ebay,,,20.0,,,,,underwater
185,svp 20mp underwater shockproof digital camera video dual lcds screen orange | ebay,,,20.0,,,,,underwater
186,svp 20mp underwater shockproof digital camera video dual lcds screen yellow | ebay,,,20.0,,,,,underwater
187,svp 20mp underwater shockproof digital camera video dual lcds screen yellow | ebay,,,20.0,,,,,underwater
188,svp 20mp underwater shockproof digital camera video dual lcds screen blue | ebay,,,20.0,,,,,underwater
189,svp 20mp underwater shockproof digital camera video dual lcds screen blue | ebay,,,20.0,,,,,underwater
190,hd digital camera camcorder recorder 15 mega 4 x optical zoom auto focus black | ebay,,,15.0,4.0,,,,digital slr
191,hd digital camera camcorder recorder 15 mega 4 x optical zoom auto focus black | ebay,,,15.0,4.0,,,,digital slr
192,"mini digital video cameras camcorder dv dvr 12mp 4xzoom 1 8"" lcd 139s xmas gifts | ebay",,4xzoom,12.0,,,,,mini digital camera
193,"mini digital video cameras camcorder dv dvr 12mp 4xzoom 1 8"" lcd 139s xmas gifts | ebay",,4xzoom,12.0,,,,,mini digital camera
194,casio exilim ex-s8 | casio 12 mp 2.7 wide lcd pink reviews - buzzillions.com,casio,ex-s8,12.0,4.0,4.0,,,
195,casio exilim ex-s8 | casio 12 mp 2.7 wide lcd pink reviews - buzzillions.com,casio,ex-s8,12.0,4.0,4.0,,,
196,kodak easyshare p712 7 1 mp digital camera black 41771385187 | ebay,kodak,p712,7.1,12.0,,2.5,,point & shoot
197,kodak easyshare p712 7 1 mp digital camera black 41771385187 | ebay,kodak,p712,7.1,12.0,,2.5,,point & shoot
198,konica minolta dimage a200 8 0 mp digital camera black 43325996221 | ebay,minolta,a200,8.0,7.0,,1.8,,point & shoot
199,konica minolta dimage a200 8 0 mp digital camera black 43325996221 | ebay,minolta,a200,8.0,7.0,,1.8,,point & shoot
200,nikon coolpix p4 8 1 mp digital camera silver | ebay,nikon,p4,8.1,3.5,,2.5,,point & shoot
201,nikon coolpix p4 8 1 mp digital camera silver | ebay,nikon,p4,8.1,3.5,,2.5,,point & shoot
202,panasonic palmcam pv dc2090 1 3 mp digital camera metallic silver 037988978151 | ebay,panasonic,dc2090,1.3,3.0,,1.8,,point & shoot
203,panasonic palmcam pv dc2090 1 3 mp digital camera metallic silver 037988978151 | ebay,panasonic,dc2090,1.3,3.0,,1.8,,point & shoot
204,pentax optio m85 12 1 mp digital camera black | ebay,pentax,m85,12.1,3.0,5.0,3.0,,compact
205,pentax optio m85 12 1 mp digital camera black | ebay,pentax,m85,12.1,3.0,5.0,3.0,,compact
206,samsung i8 8 2 mp digital camera white 044701008910 | ebay,samsung,i8,8.2,3.0,,2.7,,point & shoot
207,samsung i8 8 2 mp digital camera white 044701008910 | ebay,samsung,i8,8.2,3.0,,2.7,,point & shoot
208,sony cybershot 10 1 megapixel camera | ebay,sony,,10.1,,,,,
209,sony cybershot 10 1 megapixel camera | ebay,sony,,10.1,,,,,
210,"onvif 960p 1.3mp p2p cctv security wifi wireless ip camera with 2.8-12mm lens - buy 1080p 2mp p2p cctv security wifi wireless ip camera,mobile camera lens,mini camera lens product on alibaba.com",,960p,1.3,,,,,
211,"onvif 960p 1.3mp p2p cctv security wifi wireless ip camera with 2.8-12mm lens - buy 1080p 2mp p2p cctv security wifi wireless ip camera,mobile camera lens,mini camera lens product on alibaba.com",,960p,1.3,,,,,
212,casio exilim zoom ex z57 5 0 mp digital camera silver | ebay,casio,ex z57,5.0,3.0,,2.7,,point & shoot
213,casio exilim zoom ex z57 5 0 mp digital camera silver | ebay,casio,ex z57,5.0,3.0,,2.7,,point & shoot
214,"fujifilm finepix j12 pink 8 2mp 2 5""lcd digital camera w accessories wow | ebay",fujifilm,j12,8.2,,,,,point & shoot
215,"fujifilm finepix j12 pink 8 2mp 2 5""lcd digital camera w accessories wow | ebay",fujifilm,j12,8.2,,,,,point & shoot
216,nikon coolpix 4600 4 0 mp digital camera silver 0018208255245 | ebay,nikon,4600,4.0,3.0,,1.8,,point & shoot
217,nikon coolpix 4600 4 0 mp digital camera silver 0018208255245 | ebay,nikon,4600,4.0,3.0,,1.8,,point & shoot
218,sanyo vpc e1075 10 0 mp digital camera purple 0882224521581 | ebay,sanyo,e1075,10.0,3.0,,2.7,,point & shoot
219,sanyo vpc e1075 10 0 mp digital camera purple 0882224521581 | ebay,sanyo,e1075,10.0,3.0,,2.7,,point & shoot
220,"720p/960p/1080p high definition analog cctv camera,1.0 megapixel and 1.3 megapixel ahd camera,better than sdi camera and cvi - buy ir-bullet water-proof ahd camera,cheap cctv camera,ir-bullet water-proof ahd camera product on alibaba.com",,960p,1.0,,,,35.0,
221,"720p/960p/1080p high definition analog cctv camera,1.0 megapixel and 1.3 megapixel ahd camera,better than sdi camera and cvi - buy ir-bullet water-proof ahd camera,cheap cctv camera,ir-bullet water-proof ahd camera product on alibaba.com",,960p,1.0,,,,35.0,
222,fujifilm finepix s4600 16mp digital camera w 26x zoom black 9pc 16gb acc kit | ebay,fujifilm,s4600,16.0,26.0,,3.0,,bridge camera
223,fujifilm finepix s4600 16mp digital camera w 26x zoom black 11pc 16gb acc kit | ebay,fujifilm,s4600,16.0,26.0,,3.0,,bridge camera
224,fujifilm 11.1 mp digital camera model 15781764 reviews | buzzillions.com,fujifilm,,11.1,18.0,6.0,,,
225,fujifilm 11.1 mp digital camera model 15781764 reviews | buzzillions.com,fujifilm,,11.1,14.3,6.0,,,
226,(not provided) | panasonic 14.1 mp lumix digital camera reviews - buzzillions.com,panasonic,,14.1,4.0,4.0,,,
227,(not provided) | panasonic 14.1 mp lumix digital camera reviews - buzzillions.com,panasonic,,14.1,4.0,4.0,,,
228,kodak easyshare z812 is 8 1 mp digital camera used 1 | ebay,kodak,z812,8.1,12.0,,2.5,,point & shoot
229,kodak easyshare z812 is 8 1 mp digital camera used | ebay,kodak,z812,8.1,12.0,,2.5,,point & shoot
230,canon 16.0 mp powershot digital camera reviews | buzzillions.com,canon,,16.0,8.0,,,,point & shoot with zoom lens
231,canon 16.0 mp powershot digital camera reviews | buzzillions.com,canon,,16.0,8.0,,,,point & shoot with zoom lens
232,"2014 new onvif 2 megapixel 1080p ip camera ip security camera - buy ip camera,onvif ip camera,ip camera ip security camera product on alibaba.com",,,2.0,,,,1.0,
233,"2014 new onvif 2 megapixel 1080p ip camera ip security camera - buy ip camera,onvif ip camera,ip camera ip security camera product on alibaba.com",,,2.0,,,,35.8,
234,panasonic lumix dmc fz150 12 1 mp digital camera black 885170053571 | ebay,panasonic,fz150,12.1,24.0,,3.0,,point & shoot
235,panasonic lumix dmc fz150 12 1 mp digital camera black 885170053571 | ebay,panasonic,fz150,12.1,24.0,,3.0,,point & shoot
236,panasonic lumix dmc-fx500 10.1mp digital on sale for $249.00,panasonic,dmc-fx500,10.1,,,,275.97,
237,panasonic lumix dmc-fx500 10.1mp digital on sale for $286.61,panasonic,dmc-fx500,10.1,,,,275.97,
238,panasonic lumix dmc-zs15 12.1 mp digital on sale for $280.69,panasonic,dmc-zs15,12.1,,,,324.27,
239,panasonic lumix dmc-zs15 12.1 mp digital on sale for $292.29,panasonic,dmc-zs15,12.1,,,,344.97,
240,sony mavica mvc fd85 1 3 mp digital camera black 0027242571228 | ebay,sony,fd85,1.3,3.0,,2.5,,point & shoot
241,sony mavica mvc fd85 1 3 mp digital camera black 0027242571228 | ebay,sony,fd85,1.3,3.0,,2.5,,point & shoot
242,svp 18mp max underwater digital camera video w dual lcds screen brand new | ebay,,,18.0,,,,,underwater
243,svp 18mp max underwater digital camera video w dual lcds screen brand new | ebay,,,18.0,,,,,underwater
244,polaroid is2132 16 0 mp black is2132 digital camera 681066173626 | ebay,polaroid,is2132,16.0,21.0,,3.0,,point & shoot
245,polaroid is2132 16 0 mp digital camera black is2132 black 681066173626 | ebay,polaroid,is2132,16.0,21.0,,3.0,,point & shoot
246,canon powershot a495 10 0 mp digital camera silver 013803120028 | ebay,canon,a495,10.0,3.3,,2.5,,point & shoot
247,canon powershot a495 10 0 mp digital camera silver 013803120028 | ebay,canon,a495,10.0,3.3,,2.5,,point & shoot
248,brand new sealed with gift benq g1 14 0 mp f 1 8 digital camera black 4718755039119 | ebay,benq,g1,14.0,,,,,point & shoot
249,brand new sealed with gift benq g1 14 0 mp f 1 8 digital camera white 4718755039119 | ebay,benq,g1,14.0,,,,,point & shoot
250,sony mavica mvc fd83 0 9 mp digital camera silver mvcfd83 | ebay,sony,fd83,0.9,3.0,,2.5,,point & shoot
251,sony mavica mvc fd83 0 9 mp digital camera silver mvcfd83 | ebay,sony,fd83,0.9,3.0,,2.5,,point & shoot
252,fujifilm finepix t410 16 0 mp digital camera black 007410101402 | ebay,fujifilm,t410,16.0,10.0,,3.0,,point & shoot
253,fujifilm finepix t410 16 0 mp digital camera black 007410101402 | ebay,fujifilm,t410,16.0,10.0,,3.0,,point & shoot
254,canon powershot digital elph sd990 is digital ixus 980 is 14 7 mp digital | ebay,canon,elph sd990,14.7,3.7,,2.5,,point & shoot
255,canon powershot digital elph sd990 is digital ixus 980 is 14 7 mp digital 013803100204 | ebay,canon,elph sd990,14.7,3.7,,2.5,,point & shoot
256,canon powershot digital elph sd200 digital ixus 30 3 2 mp digital camera | ebay,canon,elph sd200,3.2,3.0,,2.0,,point & shoot
257,canon powershot digital elph sd200 digital ixus 30 3 2 mp digital camera | ebay,canon,elph sd200,3.2,3.0,,2.0,,point & shoot
258,nice fujifilm finepix j110w 10 0 mp digital camera silver | ebay,fujifilm,j110w,10.0,5.0,,2.7,,point & shoot
259,fujifilm finepix j110w 10 0 mp digital camera silver | ebay,fujifilm,j110w,10.0,5.0,,2.7,,point & shoot
260,kodak easyshare p880 8 0 mp digital slr camera black body only | ebay,kodak,p880,8.0,,,2.5,,digital slr
261,kodak easyshare p880 8 0 mp digital slr camera black body only | ebay,kodak,p880,8.0,,,2.5,,digital slr
262,samsung nx3000 20 3 mp mirrorless digital camera with 16 50mm lens brown | ebay,samsung,nx3000,20.3,3.0,2.0,3.3,,mirrorless interchangeable lens
263,samsung nx3000 20 3 mp mirrorless digital camera with 16 50mm lens black | ebay,samsung,nx3000,20.3,3.0,2.0,3.3,,mirrorless interchangeable lens
264,vivitar vivicam 3785 3 0 mp digital camera silver blue | ebay,vivitar,,3.0,4.0,,1.5,,point & shoot
265,vivitar vivicam 3785 3 0 mp digital camera silver blue | ebay,vivitar,,3.0,,,1.5,,point & shoot
266,fujifilm finepix s2 pro 6 2 mp digital slr camera black body only | ebay,fujifilm,s2,6.2,,,1.8,,digital slr
267,fujifilm finepix s2 pro 6 2 mp digital slr camera black body only | ebay,fujifilm,s2,6.2,,,1.8,,digital slr
268,fujifilm finepix a205 2 0 mp digital camera silver | ebay,fujifilm,a205,2.0,3.0,,1.5,,point & shoot
269,fujifilm finepix a205 2 0 mp digital camera silver | ebay,fujifilm,a205,2.0,3.0,,1.5,,point & shoot
270,sanyo vpc e2100 14 0 mp digital camera black 086483080272 | ebay,sanyo,e2100,14.0,21.0,,3.0,,point & shoot
271,look sanyo vpc e2100 14 0 mp digital camera black 086483080272 | ebay,sanyo,e2100,14.0,21.0,,3.0,,point & shoot
272,"used pentax optio w80 waterproof 12 1mp 5x wide angle zoom 2 5"" lcd gray | ebay",pentax,w80,12.1,5.0,,2.5,,compact
273,pentax optio w80 waterproof 12 1mp 5x wide angle optical zoom 2 5 inch lcd gray | ebay,pentax,w80,12.1,5.0,,2.5,,compact
274,casio exilim zoom ex z850 8 1 mp digital camera silver plus accessories | ebay,casio,ex z850,8.1,3.0,,2.5,,point & shoot
275,casio exilim zoom ex z850 8 1 mp digital camera silver | ebay,casio,ex z850,8.1,3.0,,2.5,,point & shoot
276,"buy pentax wg-m1 waterproof shockproof digital camera, 14mp, orange cameras - digital - point & shoot 08288 today at pc connection",pentax,wg-m1,14.0,,,,,
277,"buy pentax wg-m1 waterproof shockproof digital camera, 14mp, black cameras - digital - point & shoot 08273 today at pc connection",pentax,wg-m1,14.0,,,,,
278,fujifilm finepix a800 8 3 mp digital camera silver | ebay,fujifilm,a800,8.3,3.0,,2.5,,point & shoot
279,fujifilm finepix a800 8 3 mp digital camera silver | ebay,fujifilm,a800,8.3,3.0,,2.5,,point & shoot
280,vivitar vivi cam 20 2 1 mp digital camera red new in package 019643599765 | ebay,vivitar,20,2.1,,,1.5,,point & shoot
281,brand new vivitar vivi cam 20 2 1 mp digital camera in red new in package 019643599765 | ebay,vivitar,20,2.1,,,1.5,,point & shoot
282,sony cyber shot dsc p3 2 8 mp digital camera silver 0027242596047 | ebay,sony,dsc p3,2.8,,,1.5,,point & shoot
283,sony cyber shot dsc p3 2 8 mp digital camera silver 0027242596047 | ebay,sony,dsc p3,2.8,3.0,,1.5,,point & shoot
284,brand new casio exilim ex zr1000 16 1 mp digital camera red 4971850496045 | ebay,casio,ex zr1000,16.1,12.5,,3.0,,point & shoot
285,brand new casio exilim ex zr1000 16 1 mp digital camera red 4971850496045 | ebay,casio,ex zr1000,16.1,12.5,,3.0,,point & shoot
286,kodak easyshare m583 14 0 mp digital camera black 041771598891 | ebay,kodak,m583,14.0,8.0,,3.0,,point & shoot
287,kodak easyshare m583 14 0 mp digital camera red 041771295899 | ebay,kodak,m583,14.0,8.0,,3.0,,point & shoot
288,olympus tough tg 820 ihs 12 0 mp digital camera red 050332182219 | ebay,olympus,tg 820,12.0,5.0,,3.0,,point & shoot
289,olympus tough tg 820 ihs 12 0 mp digital camera red 050332182219 | ebay,olympus,tg 820,12.0,5.0,,3.0,,point & shoot
290,olympus stylus 1050 sw 10 1 mp digital camera blue | ebay,olympus,1050 sw,10.1,3.0,,2.7,,point & shoot
291,olympus stylus 1050 sw 10 1 mp digital camera blue | ebay,olympus,1050 sw,10.1,3.0,,2.7,,point & shoot
292,"mini digital video cameras camcorder dv dvr 12mp 4xzoom 1 8"" lcd 139 nice gift | ebay",,4xzoom,12.0,4.0,,1.8,,pocket
293,"mini digital video cameras camcorder dv dvr 12mp 4xzoom 1 8"" lcd 139 nice gift | ebay",,4xzoom,12.0,4.0,,1.8,,pocket
294,panasonic lumix dmc fs15 12 1 mp digital camera | ebay,panasonic,fs15,12.1,5.0,,2.7,,point & shoot
295,panasonic lumix dmc fs15 12 1 mp digital camera black | ebay,panasonic,fs15,12.1,5.0,,2.7,,point & shoot
296,pentax optio a20 10 0 mp digital camera | ebay,pentax,a20,10.0,3.0,,2.5,,point & shoot
297,pentax optio a20 10 0 mp digital camera silver | ebay,pentax,a20,10.0,3.0,,2.5,,point & shoot
298,canon powershot a700 6 0 mp digital camera 0013803062779 | ebay,canon,a700,6.0,6.0,,2.5,,point & shoot
299,canon powershot a700 6 0 mp digital camera 0013803062779 | ebay,canon,a700,6.0,6.0,,2.5,,point & shoot
300,olympus stylus 1200 12 0 mp point and shoot digital camera black | ebay,olympus,1200,12.0,3.0,,2.7,,point & shoot
301,olympus stylus 1200 12 0 mp point and shoot digital camera black | ebay,olympus,1200,12.0,3.0,,2.7,,point & shoot
302,samsung digimax s800 8 1 mp digital camera silver 044701006152 | ebay,samsung,s800,8.1,3.0,5.0,2.4,,point & shoot
303,samsung digimax s800 8 1 mp digital camera silver 044701006152 | ebay,samsung,s800,8.1,3.0,5.0,2.4,,point & shoot
304,fujifilm finepix s6000fd 6 3 mp digital slr camera black 074101471090 | ebay,fujifilm,s6000fd,6.3,10.7,,2.5,,digital slr
305,fujifilm finepix s6000fd 6 3 mp digital slr camera black bundle 074101471090 | ebay,fujifilm,s6000fd,6.3,10.7,,2.5,,digital slr
306,fujifilm finepix f470 6 0 mp digital camera silver | ebay,fujifilm,f470,6.0,3.0,,2.5,,point & shoot
307,fujifilm finepix f470 6 0 mp digital camera silver | ebay,fujifilm,f470,6.0,3.0,,2.5,,point & shoot
308,fujifilm finepix ax300 14 0 mp digital camera black | ebay,fujifilm,ax300,14.0,5.0,,2.7,,point & shoot
309,fujifilm finepix ax300 14 0 mp digital camera black | ebay,fujifilm,ax300,14.0,5.0,,2.7,,point & shoot
310,casio exilim zoom ex z70 7 2 mp digital camera black | ebay,casio,ex z70,7.2,3.0,,2.5,,point & shoot
311,casio exilim zoom ex z70 7 2 mp digital camera black | ebay,casio,ex z70,7.2,3.0,,2.5,,point & shoot
312,fujifilm finepix s3000 3 2 mp digital camera silver | ebay,fujifilm,s3000,3.2,6.0,,1.8,,medium format
313,fujifilm finepix s3000 3 2 mp digital camera silver | ebay,fujifilm,s3000,3.2,6.0,,1.8,,medium format
314,sony cyber shot dsc p8 3 2 mp digital camera silver | ebay,sony,dsc p8,3.2,3.0,,1.5,,point & shoot
315,sony cyber shot dsc p8 3 2 mp digital camera silver | ebay,sony,dsc p8,3.2,3.0,,1.5,,point & shoot
316,fujifilm finepix t series t500 16 0 mp digital camera black 074101018127 | ebay,fujifilm,t500,16.0,12.0,,2.7,,point & shoot
317,fujifilm finepix t series t500 16 0 mp digital camera black 074101018127 | ebay,fujifilm,t500,16.0,12.0,,2.7,,point & shoot
318,"canon powershot 150 is 20 megapixel compact camera - blue (2.7"" lcd - 10x optical zoom - optical is - 5152 x 3864 image - 1280 x 720 video - pictbridge - hd movie mode) price comparison at buy.net",canon,10x,20.0,,4.0,,,compact camera
319,"canon powershot 150 is 20 megapixel compact camera - black (2.7"" lcd - 10x optical zoom - optical is - 5152 x 3864 image - 1280 x 720 video - pictbridge - hd movie mode) price comparison at buy.net",canon,10x,20.0,,4.0,,,compact camera
320,sony cyber shot dsc s980 12 1 mp digital camera silver 027242749160 | ebay,sony,dsc s980,12.1,4.0,,2.7,,point & shoot
321,sony cyber shot dsc s980 12 1 mp digital camera silver | ebay,sony,dsc s980,12.1,4.0,,2.7,,point & shoot
322,canon powershot digital elph sd1200 is digital ixus 95 is 10 0 mp digital | ebay,canon,elph sd1200,10.0,3.0,,2.5,,point & shoot
323,canon powershot digital elph sd1200 is digital ixus 95 is 10 0 mp digital | ebay,canon,elph sd1200,10.0,3.0,,2.5,,point & shoot
324,olympus camedia c 5050 zoom 5 0 mp digital camera black | ebay,olympus,c 5050,5.0,3.0,,1.8,,point & shoot
325,olympus camedia c 5050 zoom 5 0 mp digital camera black | ebay,olympus,c 5050,5.0,3.0,,1.8,,point & shoot
326,sony cyber shot dsc t99 14 1 mp digital camera silver 27242793019 | ebay,sony,dsc t99,14.1,4.0,,3.0,,point & shoot
327,sony cyber shot dsc t99 14 1 mp digital camera silver 27242793019 | ebay,sony,dsc t99,14.1,4.0,,3.0,,point & shoot
328,bell howell 2v5 12 0 mp digital camera red 084438900354 | ebay,howell,2v5,12.0,,,2.7,,point & shoot
329,bell howell 2v5 12 0 mp digital camera new 084438900354 | ebay,howell,2v5,12.0,,,2.7,,point & shoot
330,samsung digital smart camera 21x wifi nfc 16 2mp silver model wb350 | ebay,samsung,wb350,16.2,21.0,,3.0,,point & shoot
331,samsung digital smart camera 21x wifi & nfc 16.2mp - silver - model #: wb350.,samsung,wb350.,16.2,21.0,,3.0,,point & shoot
332,camera sony cyber shot dsc w210 12 1 mp digital camera pink | ebay,sony,dsc w210,12.1,4.0,,2.7,,point & shoot
333,camera sony cyber shot dsc w210 12 1 mp digital camera pink | ebay,sony,dsc w210,12.1,4.0,,2.7,,point & shoot
334,sony cyber shot dsc w100 8 1 mp digital camera silver | ebay,sony,dsc w100,8.1,3.0,,2.5,,point & shoot
335,sony cyber shot dsc w100 8 1 mp digital camera silver | ebay,sony,dsc w100,8.1,3.0,,2.5,,point & shoot
336,"mini digital video cameras camcorder dv dvr 12mp 4xzoom 1 8"" lcd 139 xmas gift | ebay",,4xzoom,12.0,,,,,mini digital camera
337,"mini digital video cameras camcorder dv dvr 12mp 4xzoom 1 8"" lcd 139 xmas gift | ebay",,4xzoom,12.0,,,,,mini digital camera
338,nikon coolpix l310 14 1 mp digital camera black 26331 0018208263318 | ebay,nikon,l310,14.1,21.0,,3.0,,point & shoot
339,nikon coolpix l310 14 1 mp digital camera black 26331 0018208263318 | ebay,nikon,l310,14.1,21.0,,3.0,,point & shoot
340,nikon coolpix l110 12 1 mp digital camera black 018208097494 | ebay,nikon,l110,12.1,15.0,,3.0,,point & shoot
341,nikon coolpix l110 12 1 mp digital camera black 018208097494 | ebay,nikon,l110,12.1,15.0,,3.0,,point & shoot
342,svp underwater 18mp max digital camera video w dual lcds screen brand new | ebay,,,18.0,,,,,underwater
343,svp underwater 18mp max digital camera video w dual lcds screen brand new | ebay,,,18.0,,,,,underwater
344,new fujifilm finepix j series jz250 16 0 mp digital camera black 074101012545 | ebay,fujifilm,jz250,16.0,8.0,,3.0,,compact
345,new fujifilm finepix j series jz250 16 0 mp digital camera black 074101012545 | ebay,fujifilm,jz250,16.0,8.0,,3.0,,compact
346,"dahua 3mp digital cctv surveillance cameras ipc-hdbw3300p - buy dahua 3mp digital cctv surveillance cameras,inspection camera,ir dome ip poe vandal-proof product on alibaba.com",dahua,ipc-hdbw3300p,3.0,,,,,
347,"dahua 3mp digital cctv surveillance cameras ipc-hdbw3300p - buy dahua digital surveillance camera,cctv surveillance camera poe,dahua 3megapixel ir dome product on alibaba.com",dahua,ipc-hdbw3300p,3.0,,,,,
348,panasonic lumix dmc fz20 5 0 mp digital camera black | ebay,panasonic,fz20,5.0,12.0,4.0,2.0,,point & shoot
349,panasonic lumix dmc fz20 5 0 mp digital camera black | ebay,panasonic,fz20,5.0,12.0,4.0,2.0,,point & shoot
350,panasonic lumix dmc ls75 7 2 mp digital camera gray | ebay,panasonic,ls75,7.2,3.0,,2.5,,point & shoot
351,panasonic lumix dmc ls75 7 2 mp digital camera silver | ebay,panasonic,ls75,7.2,3.0,,2.5,,point & shoot
352,samsung digimax l200 10 2 mp digital camera red | ebay,samsung,l200,10.2,3.0,,2.5,,point & shoot
353,samsung digimax l200 10 2 mp digital camera red | ebay,samsung,l200,10.2,3.0,,2.5,,point & shoot
354,nikon coolpix s70 12 1 mp digital camera black | ebay,nikon,s70,12.1,5.0,,3.5,,point & shoot
355,nikon coolpix s70 12 1 mp digital camera black | ebay,nikon,s70,12.1,5.0,,3.5,,point & shoot
356,fujifilm finepix s series s4250wm 14 0 mp digital camera black 074101014037 | ebay,fujifilm,s4250wm,14.0,24.0,,3.0,,bridge camera
357,fujifilm finepix s series s4250wm 14 0 mp digital camera black pre owned good | ebay,fujifilm,s4250wm,14.0,24.0,,3.0,,bridge camera
358,casio exilim zoom ex z75 7 2 mp digital camera black mpn | ebay,casio,ex z75,7.2,3.0,,2.6,,point & shoot
359,casio exilim zoom ex z75 7 2 mp digital camera silver mpn | ebay,casio,ex z75,7.2,3.0,,2.6,,point & shoot
360,samsung bl1050 10 2 mp digital camera silver as is | ebay,samsung,bl1050,10.2,5.0,,2.7,,point & shoot
361,samsung bl1050 10 2 mp digital camera silver 0044701010043 | ebay,samsung,bl1050,10.2,5.0,,2.7,,point & shoot
362,coleman duo 2v9wp dual screen shock waterproof 20mp digital camera orange | ebay,coleman,2v9wp,20.0,,,,,point & shoot
363,coleman duo 2v9wp dual screen shock waterproof 20mp digital camera kit orange | ebay,coleman,2v9wp,20.0,,,,,point & shoot
364,kodak easyshare z885 8 1 mp digital camera black | ebay,kodak,z885,8.1,5.0,,2.5,,point & shoot
365,kodak easyshare z885 8 1 mp digital camera black | ebay,kodak,z885,8.1,5.0,,2.5,,point & shoot
366,sony cyber shot dsc s950 10 1 mp digital camera silver 027242749207 | ebay,sony,dsc s950,10.1,4.0,,2.7,,point & shoot
367,sony cyber shot dsc s950 10 1 mp digital camera silver 027242749207 | ebay,sony,dsc s950,10.1,4.0,,2.7,,point & shoot
368,canon powershot a490 10 0 mp digital camera silver great condtion n reserve | ebay,canon,a490,10.0,3.3,,2.5,,point & shoot
369,canon powershot a490 10 0 mp digital camera silver | ebay,canon,a490,10.0,3.3,,2.5,,point & shoot
370,olympus stylus 820 8 0 mp digital camera black | ebay,olympus,820,8.0,5.0,,2.7,,point & shoot
371,olympus stylus 820 8 0 mp digital camera black | ebay,olympus,820,8.0,5.0,,2.7,,point & shoot
372,sony cyber shot dsc p32 3 2 mp digital camera silver 0027242624238 | ebay,sony,dsc p32,3.2,3.0,,1.6,,point & shoot
373,sony cyber-shot dsc-p32 3.2 mp digital camera - silver,sony,dsc-p32,3.2,3.0,,1.6,,point & shoot
374,nikon coolpix s9050 12 1 mp digital camera silver 018208263554 | ebay,nikon,s9050,12.1,15.5,,3.0,,point & shoot
375,nikon coolpix s9050 12 1 mp digital camera silver 018208263554 | ebay,nikon,s9050,12.1,15.5,,3.0,,point & shoot
376,hp photosmart m415 5 2 mp digital camera silver | ebay,hp,m415,5.2,3.0,,1.5,,point & shoot
377,l k hp photosmart m415 5 2 mp digital camera silver | ebay,hp,m415,5.2,3.0,6.0,1.5,,point & shoot
378,"canon powershot n2 white 16.1mp 8x 2.8"" tilt cmos 9770b001",canon,n2,16.1,8.0,4.0,2.8,,wi-fi
379,"canon powershot n2 black 16.1mp 8x 2.8"" tilt cmos 9547b001",canon,n2,16.1,8.0,4.0,2.8,,wi-fi
380,fujifilm finepix a330 3 2mp digital camera with 3x optical zoom silver | ebay,fujifilm,a330,3.2,3.0,,1.5,,point & shoot
381,fujifilm finepix a330 3 2 mp digital camera silver | ebay,fujifilm,a330,3.2,3.0,,1.5,,point & shoot
382,panasonic lumix dmc fh27 dmc fs37 16 1 mp digital camera silver 885170031043 | ebay,panasonic,fh27,16.1,8.0,,3.0,,point & shoot
383,panasonic lumix dmc fh27 dmc fs37 16 1 mp digital camera silver 885170031043 | ebay,panasonic,fh27,16.1,8.0,,3.0,,point & shoot
384,kodak easyshare c310 4 0 mp digital camera silver | ebay,kodak,c310,4.0,,,1.6,,point & shoot
385,kodak easyshare c310 4 0 mp digital camera silver | ebay,kodak,c310,4.0,,,1.6,,point & shoot
386,kodak digital camera 5mp 10x zoom share zd15 041771260835 | ebay,kodak,zd15,5.0,10.0,,,,easy share zd15
387,kodak digital camera easy share zd15 5mp 10x 041771260835 | ebay,kodak,zd15,5.0,10.0,,,,easy share zd15
388,nikon d1x 5 3 mp digital slr camera black body only | ebay,nikon,d1x,5.3,,,2.0,,digital slr
389,used nikon d1x 5 3 mp digital slr camera black body only | ebay,nikon,d1x,5.3,,,2.0,,digital slr
390,samsung digimax a7 7 0 mega pixel camera silver 44701005377 | ebay,samsung,a7,7.0,3.0,,2.0,,point & shoot
391,samsung digimax a7 7 0 megapixel camera 44701005377 | ebay,samsung,a7,7.0,3.0,,2.0,,point & shoot
392,konica minolta dimage z20 5 0 mp digital camera silver 0043325996702 | ebay,minolta,z20,5.0,8.0,,1.5,,point & shoot
393,konica minolta dimage z20 5 0 mp digital camera silver 0043325996702 | ebay,minolta,z20,5.0,8.0,,1.5,,point & shoot
394,sanyo s1415 14 0 mp digital camera pink | ebay,sanyo,s1415,14.0,5.0,,3.0,,point & shoot
395,sanyo s1415 14 0 mp digital camera pink 086483079771 | ebay,sanyo,s1415,14.0,5.0,,3.0,,point & shoot
396,polaroid i531 5 0 mp digital camera white used free 2 day ship | ebay,polaroid,i531,5.0,3.0,,2.4,,point & shoot
397,polaroid i531 5 0 mp digital camera white | ebay,polaroid,i531,5.0,3.0,,2.4,,point & shoot
398,fujifilm finepix s5700 7 1 mp digital camera black 074101770032 | ebay,fujifilm,s5700,7.1,10.0,,2.5,,bridge camera
399,"fujifilm finepix s5700 7 1 mp digital camera silver 2 5"" x10 x5 bridge camera a 074101770032 | ebay",fujifilm,s5700,7.1,10.0,,2.5,,bridge camera
400,samsung sl202 10 2 mp digital camera blue 044701010265 | ebay,samsung,sl202,10.2,3.0,,2.7,,point & shoot
401,samsung sl202 10 2 mp digital camera blue 044701010265 | ebay,samsung,sl202,10.2,3.0,,2.7,,point & shoot
402,fujifilm finepix s series s4500 14 0 mp digital camera bundled w case | ebay,fujifilm,s4500,14.0,30.0,,3.0,,bridge camera
403,fujifilm finepix s series s4500 14 0 mp digital camera bundled w case | ebay,fujifilm,s4500,14.0,30.0,,3.0,,bridge camera
404,leica c type 112 12 1 mp digital camera dark red | ebay,leica,112,12.1,,,3.0,,point & shoot
405,leica c type 112 12 1 mp digital camera light gold | ebay,leica,112,12.1,,,3.0,,point & shoot
406,casio exilim zoom ex z33 14 1 mp digital camera red | ebay,casio,ex z33,14.1,3.0,,2.5,,point & shoot
407,casio exilim zoom ex z33 10 1 mp digital camera pink 079767499518 | ebay,casio,ex z33,10.1,3.0,,2.5,,point & shoot
408,"nikon coolpix s6700 black 20.1mp 10x 3"" 32186",nikon,s6700,20.1,10.0,4.0,3.0,,small & easy
409,"nikon coolpix s6700 red 20.1mp 10x 3"" 32187",nikon,s6700,20.1,10.0,4.0,3.0,,small & easy
410,fujifilm finepix s9000 s9500 9 2 mp digital camera black s9 | ebay,fujifilm,s9000,9.2,10.7,,1.8,,digital slr
411,fujifilm finepix s9000 s9500 9 2 mp digital camera black s9 | ebay,fujifilm,s9000,9.2,10.7,,1.8,,digital slr
412,fujifilm finepix s4300 14 mp 26x zoom digital bridge camera black 074101012040 | ebay,fujifilm,s4300,14.0,26.0,,3.0,,bridge camera
413,fujifilm finepix s4300 14 mp 26x zoom digital bridge camera black 074101012040 | ebay,fujifilm,s4300,14.0,26.0,,3.0,,bridge camera
414,olympus stylus 770 sw 7 1 mp digital camera | ebay,olympus,770 sw,7.1,3.0,,2.5,,point & shoot
415,olympus stylus 770 sw 7 1 mp digital camera | ebay,olympus,770 sw,7.1,3.0,,2.5,,point & shoot
416,olympus fe 370 8 0 mp digital camera silver | ebay,olympus,fe 370,8.0,5.0,,2.7,,point & shoot
417,olympus fe 370 8 0 mp digital camera silver | ebay,olympus,fe 370,8.0,5.0,,2.7,,point & shoot
418,sony cyber shot dsc p72 3 2 mp digital camera silver 0027242624252 | ebay,sony,dsc p72,3.2,3.0,,1.5,,point & shoot
419,sony cyber shot dsc p72 3 2 mp digital camera silver 0027242624252 | ebay,sony,dsc p72,3.2,3.0,,1.5,,point & shoot
420,canon powershot a1100 is 12 1 mp digital camera w 4gb memory card gray | ebay,canon,a1100,12.1,4.0,,2.5,,point & shoot
421,canon powershot a1100 is 12 1 mp digital camera w 4gb memory card gray | ebay,canon,a1100,12.1,4.0,,2.5,,point & shoot
422,fujifilm finepix z1 5 1 mp digital camera black silver 074101440164 | ebay,fujifilm,z1,5.1,3.0,,2.5,,point & shoot
423,fujifilm finepix z1 5 2 mp digital camera silver 0074101440171 | ebay,fujifilm,z1,5.2,3.0,,2.5,,point & shoot
424,ge c1233 12 4 mp digital camera black 810027015990 | ebay,ge,c1233,12.4,3.0,,2.4,,point & shoot
425,ge c1233 12 4 mp digital camera 8mb memory black 810027015990 | ebay,ge,c1233,12.4,3.0,,2.4,,point & shoot
426,samsung dualview tl220 12 2 mp digital camera red 44701011873 | ebay,samsung,tl220,12.2,4.6,,3.0,,point & shoot
427,samsung dualview tl220 12 2 mp digital camera red 44701011873 | ebay,samsung,tl220,12.2,4.6,,3.0,,point & shoot
428,sony cyber shot dsc h70 16 1 mp digital camera black | ebay,sony,dsc h70,16.1,10.0,,3.0,,point & shoot
429,sony cyber shot dsc h70 16 1 mp digital camera black | ebay,sony,dsc h70,16.1,10.0,,3.0,,point & shoot
430,sony cyber shot dsc s700 7 2 mp digital camera silver | ebay,sony,dsc s700,7.2,3.0,,2.4,,point & shoot
431,sony cyber shot dsc s700 7 2 mp digital camera silver | ebay,sony,dsc s700,7.2,3.0,,2.4,,point & shoot
432,sony alpha dslr a580 16 2 mp digital slr camera body pls read 027242816527 | ebay,sony,a580,16.2,,,3.0,,digital slr
433,sony 卯聭 alpha dslr a580 16 2 mp digital slr camera black body only 027242816527 | ebay,sony,a580,16.2,,,3.0,,digital slr
434,fujifilm x100t silver 16mp 23mmf2 aps-c 600013937,fujifilm,x100t,16.0,,,3.0,,advanced
435,fujifilm x100t black 16mp 23mmf2 aps-c 600013938,fujifilm,x100t,16.0,,,3.0,,advanced
436,kodak 14 0 mp easyshare c1450 digital camera black 041771414849 | ebay,kodak,c1450,14.0,5.0,,3.0,,point & shoot
437,kodak 14 0 mp easyshare c1450 digital camera black 041771414849 | ebay,kodak,c1450,14.0,5.0,,3.0,,point & shoot
438,sanyo xacti vpc x1200 12 0 mp digital camera red 086483073410 | ebay,sanyo,x1200,12.0,3.0,,2.7,,point & shoot
439,sanyo vpc x1200 12 0 mp digital camera black 086483073403 | ebay,sanyo,x1200,12.0,3.0,4.0,2.7,,point & shoot
440,"samsung digimax d53 silver 5 0mp 3x optical zoom 2 4"" lcd digital still camera 044701006954 | ebay",samsung,d53,5.0,3.0,,2.4,,point & shoot
441,"samsung digimax d53 silver 5 0mp 3x optical zoom 2 4"" lcd digital still camera 044701006954 | ebay",samsung,d53,5.0,3.0,,2.4,,point & shoot
442,samsung wb series wb150f 14 2 mp digital camera black 044701016397 | ebay,samsung,wb150f,14.2,18.0,,3.0,,point & shoot
443,samsung wb series wb150f 14 2 mp digital camera black 044701016397 | ebay,samsung,wb150f,14.2,18.0,,3.0,,point & shoot
444,canon powershot sx150 is 14 1 mp digital camera black | ebay,canon,sx150,14.1,12.0,,3.0,,point & shoot
445,canon powershot sx150 is 14 1 mp digital camera black | ebay,canon,sx150,14.1,12.0,,3.0,,point & shoot
446,canon powershot sx130 is 12 1 mp digital camera black 610074552574 | ebay,canon,sx130,12.1,12.0,,3.0,,point & shoot
447,canon powershot sx130 is 12 1 mp digital camera black 610074552574 | ebay,canon,sx130,12.1,12.0,,3.0,,point & shoot
448,fujifilm finepix jz300 12mp 10x zoom digital camera 4547410118360 | ebay,fujifilm,jz300,12.0,10.0,,2.7,,point & shoot
449,fujifilm finepix jz300 12 1 mp digital camera black | ebay,fujifilm,jz300,12.1,10.0,,2.7,,point & shoot
450,nikon coolpix s4300 16 0 mp digital camera plum 018208263325 | ebay,nikon,s4300,16.0,6.0,,3.0,,point & shoot
451,nikon coolpix s4300 16 0 mp digital camera plum 018208263325 | ebay,nikon,s4300,16.0,6.0,,3.0,,point & shoot
452,samsung galaxy nx ek gn120 20 3 mp digital camera black kit w 18 55mm ois | ebay,samsung,gn120,20.3,,,4.8,,mirrorless interchangeable lens
453,samsung galaxy nx ek gn120 20 3 mp digital camera black body only ek gn120zk | ebay,samsung,gn120,20.3,,,4.8,,mirrorless interchangeable lens
454,kodak easyshare zd710 7 1 mp digital camera black | ebay,kodak,zd710,7.1,10.0,,2.0,,point & shoot
455,kodak easyshare zd710 7 1 mp digital camera black | ebay,kodak,zd710,7.1,10.0,,2.0,,point & shoot
456,sony cyber shot dsc p200 7 2 mp digital camera silver 027242671294 | ebay,sony,dsc p200,7.2,3.0,,2.0,,point & shoot
457,sony cyber shot dsc p200 7 2 mp digital camera silver 027242671294 | ebay,sony,dsc p200,7.2,3.0,,2.0,,point & shoot
458,fujifilm finepix a210 3 2 mp digital camera silver | ebay,fujifilm,a210,3.2,3.0,,1.5,,point & shoot
459,fujifilm finepix a210 3 2 mp digital camera silver | ebay,fujifilm,a210,3.2,3.0,,1.5,,point & shoot
460,"fujifilm x30 black 12mp 4x 3.0""lcd 600013935",fujifilm,x30,12.0,4.0,2.0,3.0,,advanced
461,"fujifilm x30 silver 12mp 4x 3.0""lcd 600013936",fujifilm,x30,12.0,4.0,2.0,3.0,,advanced
462,nikon coolpix l22 12 0 mp digital camera red | ebay,nikon,l22,12.0,3.6,,3.0,,point & shoot
463,nikon coolpix l22 12 0 mp digital camera red | ebay,nikon,l22,12.0,3.6,,3.0,,point & shoot
464,kodak easyshare cx7530 5 0 mp digital camera silver | ebay,kodak,cx7530,5.0,3.0,,1.8,,point & shoot
465,kodak easyshare cx7530 5 0 mp digital camera silver | ebay,kodak,cx7530,5.0,3.0,,1.8,,point & shoot
466,kodak easyshare z712 is 7 1 mp digital camera black | ebay,kodak,z712,7.1,12.0,,2.5,,point & shoot
467,kodak easyshare z712 is 7 1 mp digital camera black | ebay,kodak,z712,7.1,12.0,,2.5,,point & shoot
468,vivitar vivicam x028 10 1mp 4x digital zoom digital camera black 681066421574 | ebay,vivitar,x028,10.1,,,2.4,,point & shoot
469,vivitar vivicam x028 10 1 mp digital camera red | ebay,vivitar,x028,10.1,,,2.4,,point & shoot
470,"nikon coolpix s2800 red 20.1mp 5x 3"" 32189",nikon,s2800,20.1,5.0,4.0,2.7,,small & easy
471,"nikon coolpix s2800 black 20.1mp 5x 3"" 32188",nikon,s2800,20.1,5.0,4.0,2.7,,small & easy
472,sony cyber shot dsc h90 16 1 mp digital camera black 027242272996 | ebay,sony,dsc h90,16.1,16.0,,3.0,,point & shoot
473,sony cyber shot dsc h90 16 1 mp digital camera black 027242272996 | ebay,sony,dsc h90,16.1,16.0,,3.0,,point & shoot
474,canon eos 1d mark ii n 8 2 mp digital slr camera black body only | ebay,canon,1d mark ii n,8.2,,,2.5,,digital slr
475,canon eos 1d mark ii n 8 2 mp digital slr camera black body only | ebay,canon,1d mark ii n,8.2,,,2.5,,digital slr
476,nikon coolpix 885 3 2 mp digital camera black | ebay,nikon,885,3.2,3.0,,1.5,,point & shoot
477,nikon coolpix 885 3 2 mp digital camera black | ebay,nikon,885,3.2,3.0,,1.5,,point & shoot
478,canon powershot digital elph sd4500 is ixus 1000 hs 10 0 mp digital camera | ebay,canon,elph sd4500,10.0,10.0,,3.0,,point & shoot
479,canon powershot digital elph sd4500 is ixus 1000 hs 10 0 mp digital camera | ebay,canon,elph sd4500,10.0,10.0,,3.0,,point & shoot
480,sony cyber shot dsc w170 10 1 mp digital camera red with ms pro duo 4gb 027242729995 | ebay,sony,dsc w170,10.1,5.0,,2.7,,point & shoot
481,sony cyber shot dsc w170 10 1 mp digital camera red with ms pro duo 4gb 027242729995 | ebay,sony,dsc w170,10.1,5.0,,2.7,,point & shoot
482,fujifilm finepix s1000 10 0 mp point shoot digital camera | ebay,fujifilm,s1000,10.0,12.0,,,,point & shoot
483,fujifilm finepix s series s1000 10 0 mp digital camera black | ebay,fujifilm,s1000,10.0,18.0,,3.0,,point & shoot
484,olympus camedia c 765 ultra zoom 4 0 mp digital camera silver 0050332147843 | ebay,olympus,c 765,4.0,10.0,,1.8,,point & shoot
485,olympus camedia c 765 ultra zoom 4 0 mp digital camera silver lots of extras 0050332147843 | ebay,olympus,c 765,4.0,10.0,,1.8,,point & shoot
486,hasselblad stellar silver with walnut grip 20mp digital camera new | ebay,hasselblad,stellar,20.0,3.6,,,,compact
487,hasselblad stellar silver with carbon fiber grip 20mp digital camera new | ebay,hasselblad,stellar,20.0,3.6,,,,compact
488,casio exilim zoom ex z750 7 2 mp digital camera silver | ebay,casio,ex z750,7.2,3.0,,2.5,,point & shoot
489,casio exilim zoom ex z750 7 2 mp digital camera gray | ebay,casio,ex z750,7.2,3.0,,2.5,,point & shoot
490,olympus camera d 520 zoom 2 0 mp digital camera silver gray | ebay,olympus,d 520,2.0,3.0,,1.5,,point & shoot
491,olympus camedia d 520 zoom 2 0 mp digital camera black metallic silver | ebay,olympus,d 520,2.0,3.0,,1.5,,point & shoot
492,"mini digital video cameras camcorder dv dvr 12mp 4xzoom 1 8"" lcd 139r xmas gift | ebay",,4xzoom,12.0,,,1.8,,pocket
493,"mini digital video cameras camcorder dv dvr 12mp 4xzoom 1 8"" lcd 139r xmas gift | ebay",,4xzoom,12.0,,,1.8,,pocket
494,hp photosmart r927 8 2 mp digital camera silver | ebay,hp,r927,8.2,3.0,8.0,3.0,,compact
495,hp photosmart r927 8 2 mp digital camera silver | ebay,hp,r927,8.2,3.0,,3.0,,point & shoot
496,olympus camedia c 740 ultra zoom 3 2 mp digital camera silver | ebay,olympus,c 740,3.2,10.0,,1.5,,point & shoot
497,olympus camedia c 740 ultra zoom 3 2 mp digital camera silver | ebay,olympus,c 740,3.2,10.0,,1.5,,point & shoot
498,olympus fe 210 7 1 mp digital camera silver 0050332159914 | ebay,olympus,fe 210,7.1,3.0,,2.5,,point & shoot
499,olympus fe 210 7 1 mp digital camera silver 0050332159914 | ebay,olympus,fe 210,7.1,3.0,,2.5,,point & shoot
500,samsung st66 16 1mp digital camera red 044701016748 | ebay,samsung,st66,16.1,5.0,,2.7,,point & shoot
501,samsung st series st66 16 1 mp digital camera red 044701016748 | ebay,samsung,st66,16.1,5.0,,2.7,,point & shoot
502,nikon coolpix s3 6 0 mp digital camera ivory white | ebay,nikon,s3,6.0,3.0,,2.5,,point & shoot
503,nikon coolpix s3 6 0 mp digital camera black | ebay,nikon,s3,6.0,3.0,,2.5,,point & shoot
504,kodak easyshare c643 6 1 mp digital camera silver | ebay,kodak,c643,6.1,3.0,,2.4,,point & shoot
505,kodak easyshare c643 6 1 mp digital camera silver | ebay,kodak,c643,6.1,3.0,,2.4,,point & shoot
506,canon powershot digital elph sd10 digital ixus i 4 0 mp digital camera | ebay,canon,elph sd10,4.0,,,1.5,,point & shoot
507,canon powershot digital elph sd10 digital ixus i 4 0 mp digital camera | ebay,canon,elph sd10,4.0,,,1.5,,point & shoot
508,canon powershot digital elph s400 digital ixus 400 4 0 mp digital camera | ebay,canon,elph s400,4.0,3.0,,1.5,,point & shoot
509,canon powershot digital elph s400 digital ixus 400 4 0 mp digital camera | ebay,canon,elph s400,4.0,3.0,,1.5,,point & shoot
510,olympus stylus tough 6000 10 0 mp digital camera blue used | ebay,olympus,6000,10.0,3.6,,2.7,,point & shoot
511,olympus stylus tough 6000 10 0 mp digital camera blue used | ebay,olympus,6000,10.0,3.6,,2.7,,point & shoot
512,sony alpha dslra500 12 3mp digital slr camera with 18 55mm and 75 300mm lens | ebay,sony,dslra500,12.3,,,,,digital slr
513,sony alpha dslra500 12 3mp digital slr camera with 18 55mm and 75 300mm lens | ebay,sony,dslra500,12.3,,,,,digital slr
514,fujifilm finepix s series s3300 14 0 mp digital camera black 4gb 074101007930 | ebay,fujifilm,s3300,14.0,,,,,
515,fujifilm finepix s series s3300 14 0 mp digital camera black 074101007930 | ebay,fujifilm,s3300,14.0,26.0,,3.0,,point & shoot
516,fujifilm finepix a303 3 2 mp digital camera silver | ebay,fujifilm,a303,3.2,3.0,,1.5,,point & shoot
517,fujifilm finepix a303 3 2 mp digital camera silver | ebay,fujifilm,a303,3.2,3.0,,1.5,,point & shoot
518,vivitar vivicam x014 10 1 mp digital camera bundle purple | ebay,vivitar,x014,10.1,,,1.8,,point & shoot
519,vivitar vivicam x014n 10 1 mp digital camera red bundle | ebay,vivitar,x014n,10.1,3.0,,1.8,,point & shoot
520,olympus stylus tough 8000 12 0 mp digital camera blue 181010000447 | ebay,olympus,8000,12.0,3.6,,2.7,,point & shoot
521,olympus stylus tough 8000 12 0 mp digital camera blue 181010000447 | ebay,olympus,8000,12.0,3.6,,2.7,,point & shoot
522,casio exilim zoom ex z60 6 0 mp digital camera silver 79767622015 | ebay,casio,ex z60,6.0,3.0,4.0,2.5,,point & shoot
523,casio exilim zoom ex z60 6 0 mp digital camera silver 79767622015 | ebay,casio,ex z60,6.0,3.0,4.0,2.5,,point & shoot
524,kodak easyshare c183 14 0 mp digital camera black | ebay,kodak,c183,14.0,3.0,,3.0,,point & shoot
525,kodak easyshare c183 14 0 mp digital camera black | ebay,kodak,c183,14.0,3.0,,3.0,,point & shoot
526,casio exilim zoom ex z700 7 2 mp digital camera silver mpn | ebay,casio,ex z700,7.2,3.0,,2.7,,point & shoot
527,casio exilim zoom ex z700 7 2 mp digital camera silver 79767622442 | ebay,casio,ex z700,7.2,3.0,,2.7,,point & shoot
528,panasonic lumix dmc lz3 5 0 mp digital camera silver | ebay,panasonic,lz3,5.0,6.0,,2.0,,point & shoot
529,panasonic lumix dmc lz3 5 0 mp digital camera silver | ebay,panasonic,lz3,5.0,6.0,,2.0,,point & shoot
530,sony cyber shot dsc t7 5 1 mp digital camera silver 027242675407 | ebay,sony,dsc t7,5.1,3.0,,2.5,,point & shoot
531,sony cyber shot dsc t7 5 1 mp digital camera silver 027242675407 | ebay,sony,dsc t7,5.1,3.0,,2.5,,point & shoot
532,casio exilim zoom ex z77 7 2 mp digital camera blue | ebay,casio,ex z77,7.2,3.0,,2.6,,point & shoot
533,casio exilim zoom ex z77 7 2 mp digital camera black | ebay,casio,ex z77,7.2,3.0,,2.6,,point & shoot
534,sony cyber shot w610 14 1 mp digital camera pink 027242840508 | ebay,sony,w610,14.1,4.0,,2.7,,point & shoot
535,sony cyber shot w610 14 1 mp digital camera pink 027242840508 | ebay,sony,w610,14.1,4.0,,2.7,,point & shoot
536,samsung l700 7 2 mp digital camera silver 0044701007821 | ebay,samsung,l700,7.2,3.0,,2.5,,point & shoot
537,samsung l700 7 2 mp digital camera black | ebay,samsung,l700,7.2,3.0,,2.5,,point & shoot
538,pentax optio w10 6 0 mp digital camera silver look | ebay,pentax,w10,6.0,3.0,,2.5,,point & shoot
539,pentax optio w10 6 0mp 3x optical zoom silver 8959 1 | ebay,pentax,w10,6.0,3.0,,2.5,,point & shoot
540,sony cyber shot dsc hx1 9 1 mp digital camera black | ebay,sony,dsc hx1,9.1,20.0,,3.0,,point & shoot
541,sony cyber shot dsc hx1 9 1 mp digital camera black | ebay,sony,dsc hx1,9.1,20.0,,3.0,,point & shoot
542,olympus camedia c 3000 zoom 3 3 mp digital camera metallic gray 0050332131286 | ebay,olympus,c 3000,3.3,3.0,,1.8,,point & shoot
543,olympus camedia c 3000 zoom 3 3 mp digital camera metallic gray 0050332131286 | ebay,olympus,c 3000,3.3,3.0,,1.8,,point & shoot
544,samsung pl series pl120 14 2 mp digital camera black 44701015475 | ebay,samsung,pl120,14.2,5.0,,2.7,,point & shoot
545,samsung pl series pl120 14 2 mp digital camera black 44701015475 | ebay,samsung,pl120,14.2,5.0,,2.7,,point & shoot
546,sony cyber shot dsc p50 2 1 mp digital camera silver 027242589315 | ebay,sony,dsc p50,2.1,3.0,,1.5,,point & shoot
547,sony cyber shot dsc p50 2 1 mp digital camera silver 027242589315 | ebay,sony,dsc p50,2.1,3.0,,1.5,,point & shoot
548,sony cyber shot dsc w80 7 2 mp digital camera silver photography | ebay,sony,dsc w80,7.2,3.0,,2.5,,point & shoot
549,sony cyber shot dsc w80 7 2 mp digital camera silver photography | ebay,sony,dsc w80,7.2,3.0,,2.5,,point & shoot
550,sony cybershot dsc wx200 black 18 2 mp digital camera wifi hd 4905524928303 | ebay,sony,dsc wx200,18.2,10.0,,,,compact
551,sony cyber shot dsc wx200 18 2 mp 10x optical zoom wi fi digital camera black | ebay,sony,dsc wx200,18.2,10.0,,2.7,,point & shoot
552,kodak easyshare ls753 5 0 mp digital camera silver 041771058166 | ebay,kodak,ls753,5.0,2.8,,1.8,,point & shoot
553,kodak easyshare ls753 5 0 mp digital camera silver parts only 041771058166 | ebay,kodak,ls753,5.0,2.8,,1.8,,point & shoot
554,olympus camedia d 560 zoom 3 2 mp digital camera silver 0050332140714 | ebay,olympus,d 560,3.2,3.0,,1.8,,point & shoot
555,olympus camedia d 560 zoom 3 2 mp digital camera silver 0050332140714 | ebay,olympus,d 560,3.2,3.0,,1.8,,point & shoot
556,nikon coolpix l100 digital camera 10 megapixels 15x optical zoom wide black | ebay,nikon,l100,10.0,15.0,,3.0,,point & shoot
557,nikon coolpix l100 digital camera 10 megapixels 15x optical zoom wide black | ebay,nikon,l100,10.0,15.0,,3.0,,point & shoot
558,nikon coolpix s6000 14 2 mp digital camera champagne silver | ebay,nikon,s6000,14.2,7.0,,2.7,,point & shoot
559,nikon coolpix s6000 14 2 mp digital camera champagne silver | ebay,nikon,s6000,14.2,7.0,,2.7,,point & shoot
560,fujifilm finepix s series s3280 14 0 mp digital camera black 074101010404 | ebay,fujifilm,s3280,14.0,24.0,,3.0,,point & shoot
561,fujifilm finepix s series s3280 14 0 mp digital camera black 074101010404 | ebay,fujifilm,s3280,14.0,24.0,,3.0,,point & shoot
562,sony cyber shot dsc wx300 18 2 mp digital camera black 027242862333 | ebay,sony,dsc wx300,18.2,20.0,,3.0,,point & shoot
563,sony cyber shot dsc wx300 18 2 mp digital camera black 027242862333 | ebay,sony,dsc wx300,18.2,20.0,,3.0,,point & shoot
564,panasonic lumix dmc tz3 7 2 mp digital camera black | ebay,panasonic,tz3,7.2,10.0,,3.0,,point & shoot
565,panasonic lumix dmc tz3 7 2 mp digital camera black | ebay,panasonic,tz3,7.2,10.0,,3.0,,point & shoot
566,nikon coolpix s203 10 0 mp digital camera silver 018208261871 | ebay,nikon,s203,10.0,3.0,,2.5,,point & shoot
567,nikon coolpix s203 10 0 mp digital camera silver 018208261871 | ebay,nikon,s203,10.0,3.0,,2.5,,point & shoot
568,fujifilm finepix s2940 14 0 mp digital camera black s2940 074101008982 | ebay,fujifilm,s2940,14.0,18.0,,3.0,,bridge camera
569,fujifilm finepix s2940 14 0 mp digital camera black s2940 074101008982 | ebay,fujifilm,s2940,14.0,18.0,,3.0,,bridge camera
570,sony cyber shot dsc p52 3 2 mp digital camera silver cybershot 2x zoom | ebay,sony,dsc p52,3.2,2.0,,1.6,,point & shoot
571,sony cyber shot dsc p52 3 2 mp digital camera silver | ebay,sony,dsc p52,3.2,2.0,,1.6,,point & shoot
572,sony cyber shot dsc tx55 16 2mp 5x optical zoom black slim digital camera 027242833142 | ebay,sony,dsc tx55,16.2,5.0,,3.3,,point & shoot
573,sony cyber shot dsc tx55 s 16 2 mp digital camera silver japan 027242833135 | ebay,sony,dsc tx55,16.2,5.0,,3.3,,point & shoot
574,nikon coolpix 990 3 3 mp digital camera black | ebay,nikon,990,3.3,3.0,4.0,1.8,,point & shoot
575,nikon coolpix 990 3 3 mp digital camera black | ebay,nikon,990,3.3,3.0,4.0,1.8,,point & shoot
576,sony cyber shot dsc h9 8 1 mp digital camera black | ebay,sony,dsc h9,8.1,15.0,,3.0,,point & shoot
577,sony cyber shot dsc h9 8 1 mp digital camera black | ebay,sony,dsc h9,8.1,15.0,,3.0,,point & shoot
578,olympus v series vr 320 14 0 mp digital camera black 228125 | ebay,olympus,vr 320,14.0,12.5,,3.0,,point & shoot
579,olympus v series vr 320 14 0 mp digital camera black 228125 | ebay,olympus,vr 320,14.0,12.5,,3.0,,point & shoot
580,sony cyber shot dsc p93 5 1 mp digital camera silver | ebay,sony,dsc p93,5.1,3.0,,1.5,,point & shoot
581,sony cyber shot dsc p93 5 1 mp digital camera silver | ebay,sony,dsc p93,5.1,3.0,,1.5,,point & shoot
582,fujifilm finepix s series s8200 16 2 mp digital camera black 074101020571 | ebay,fujifilm,s8200,16.2,40.0,,3.0,,bridge camera
583,fujifilm finepix s series s8200 16 2 mp digital camera black 074101020571 | ebay,fujifilm,s8200,16.2,40.0,,3.0,,bridge camera
584,"new arrival! dahua poe 1.3megapixel ir cctv camera ipc-hfw2100 - buy dahua 1.3m mini ir-bullet,ip poe camera,inspection camera product on alibaba.com",dahua,ipc-hfw2100,1.3,,,,,
585,"new arrival! dahua poe 1.3megapixel ir cctv camera ipc-hfw2100 - buy dahua 1.3m mini ir-bullet,dahua ip camera onvif ip camera,1.3m sight scope poe ipc hfw2100 product on alibaba.com",dahua,ipc-hfw2100,1.3,,,,,
586,"h.264 dahua 1.3megapixel hd vandal-proof dome cctv camera ipc-hdb3110 - buy h.264 dahua 1.3megapixel hd vandal-proof network dome camera,camera ip dome ip camera,digital audio recording devices product on alibaba.com",dahua,ipc-hdb3110,1.3,,,,,
587,"h.264 dahua 1.3megapixel hd vandal-proof dome camera ipc-hdb3110 - buy h.264 dahua 1.3megapixel hd vandal-proof network dome camera,ipc camera,digital audio recording devices product on alibaba.com",dahua,ipc-hdb3110,1.3,,,,,
588,pentax wg 3 16 0 mp digital camera black 027075228153 | ebay,pentax,wg 3,16.0,4.0,,3.0,,point & shoot
589,pentax wg 3 16 0 mp digital camera black 027075228153 | ebay,pentax,wg 3,16.0,4.0,,3.0,,point & shoot
590,nikon coolpix s6400 16mp digital camera on sale for $129.00,nikon,s6400,16.0,,,,172.47,
591,nikon coolpix s6400 16mp digital camera on sale for $142.96,nikon,s6400,16.0,,,,172.47,
592,kodak easyshare dx3900 3 1 mp digital camera silver with dock | ebay,kodak,dx3900,3.1,2.0,,1.5,,point & shoot
593,kodak easyshare dx3900 3 1 mp digital camera silver with dock | ebay,kodak,dx3900,3.1,2.0,,1.5,,point & shoot
594,"fujifilm finepix s2100hd 10 mp digital camera 15x optical zoom 2 7"" screen 4547410107982 | ebay",fujifilm,s2100hd,10.0,15.0,,2.7,,point & shoot
595,fujifilm finepix s2100hd 10 0 mp digital camera black 4547410107982 | ebay,fujifilm,s2100hd,10.0,15.0,,2.7,,point & shoot
596,canon powershot a540 6 0 mp digital camera silver | ebay,canon,a540,6.0,4.0,,2.5,,point & shoot
597,canon powershot a540 6 0 mp digital camera silver | ebay,canon,a540,6.0,4.0,,2.5,,point & shoot
598,nikon coolpix p60 8 1 mp digital camera black | ebay,nikon,p60,8.1,5.0,,2.5,,point & shoot
599,nikon coolpix p60 8 1 mp digital camera black new | ebay,nikon,p60,8.1,5.0,,2.5,,point & shoot
600,sony cyber shot dsc p51 2 0 mp digital camera silver | ebay,sony,dsc p51,2.0,2.0,,1.6,,point & shoot
601,sony cyber shot dsc p51 2 0 mp digital camera silver | ebay,sony,dsc p51,2.0,2.0,,1.6,,point & shoot
602,olympus d 100 camedia 1 3 mp digital camera | ebay,olympus,d 100,1.3,,,1.5,,point & shoot
603,olympus d 100 camedia c 1 1 3 mp digital camera black 0050332134669 | ebay,olympus,d 100,1.3,3.0,,1.5,,point & shoot
604,olympus camedia c 3040 zoom digital camera 3 3 megapixel untested 0050332132306 | ebay,olympus,c 3040,3.3,3.0,,1.8,,point & shoot
605,olympus c 3040 zoom camedia 3 34 megapixel digital camera 0050332132306 | ebay,olympus,c 3040,3.3,3.0,,,,
606,"(not provided) | canon powershot a3400 is 16mp, 720p hd 5x optical zoom digital camera - red reviews - buzzillions.com",canon,a3400,16.0,5.0,4.0,,,point & shoot with zoom lens
607,"(not provided) | canon powershot a3400 is 16mp, 720p hd 5x optical zoom digital camera - red reviews - buzzillions.com",canon,a3400,16.0,5.0,4.0,,,point & shoot with zoom lens
608,kodak easyshare dx6440 4 0 mp digital camera silver | ebay,kodak,dx6440,4.0,4.0,,1.8,,point & shoot
609,kodak easyshare dx6440 4 0 mp digital camera silver | ebay,kodak,dx6440,4.0,4.0,,1.8,,point & shoot
610,sony cyber shot digital camera dsc n1 8 1 mp silver carl zeiss vario tessar 0027242679177 | ebay,sony,dsc n1,8.1,3.0,,3.0,,point & shoot
611,sony cyber shot dsc n1 8 1 mp digital camera silver 0027242679177 | ebay,sony,dsc n1,8.1,3.0,,3.0,,point & shoot
612,fujifilm finepix z5fd 6 3 mp digital camera silver | ebay,fujifilm,z5fd,6.3,3.0,,2.5,,point & shoot
613,fujifilm finepix z5fd 6 3 mp digital camera silver | ebay,fujifilm,z5fd,6.3,3.0,,2.5,,point & shoot
614,canon eos 1ds mark iii 21 1 mp digital slr camera black body only | ebay,canon,1ds mark iii,21.1,,,3.0,,digital slr
615,canon eos 1ds mark iii 21 1 mp digital slr camera black body only | ebay,canon,1ds mark iii,21.1,,,3.0,,digital slr
616,sony cybershot dsc t700 10 1 mp digital camera grey | ebay,sony,dsc t700,10.1,4.0,,,,
617,sony cyber shot dsc t700 10 1 mp digital camera | ebay,sony,dsc t700,10.1,4.0,,3.5,,point & shoot
618,olympus c 3020 zoom 3 2 mp digital camera metallic silver 005033213519 | ebay,olympus,c 3020,3.2,3.0,,1.8,,point & shoot
619,olympus c 3020 zoom 3 2 mp digital camera metallic silver 005033213519 | ebay,olympus,c 3020,3.2,3.0,,1.8,,point & shoot
620,fujifilm finepix s602 zoom 3 3 mp digital camera black | ebay,fujifilm,s602,3.3,6.0,,1.8,,bridge camera
621,fujifilm finepix s602 zoom 3 3 mp digital camera black metallic gray | ebay,fujifilm,s602,3.3,6.0,,1.8,,bridge camera
622,canon powershot digital elph sd4000 is ixus 300 hs 10 0 mp digital camera 13803123029 | ebay,canon,elph sd4000,10.0,3.8,,3.0,,point & shoot
623,canon powershot digital elph sd4000 is ixus 300 hs 10 0 mp digital camera 13803123029 | ebay,canon,elph sd4000,10.0,3.8,,3.0,,point & shoot
624,sony cyber shot dsc t5 5 1 mp digital camera silver | ebay,sony,dsc t5,5.1,3.0,,2.5,,point & shoot
625,sony cybershot dsc t5 5 1 mp silver | ebay,sony,dsc t5,5.1,3.0,,2.5,,point & shoot
626,nikon coolpix 5600 5 1 mp digital camera silver | ebay,nikon,5600,5.1,3.0,,1.5,,point & shoot
627,nikon coolpix 5600 5 1 mp digital camera silver | ebay,nikon,5600,5.1,3.0,,1.5,,point & shoot
628,fujifilm finepix s3 pro 12 9 mp digital slr camera black body only | ebay,fujifilm,s3,12.9,,,2.0,,digital slr
629,fujifilm finepix s3 pro 12 9 mp digital slr camera black body only | ebay,fujifilm,s3,12.9,,,2.0,,digital slr
630,fujifilm finepix f480 8 2 mp digital camera black | ebay,fujifilm,f480,8.2,4.0,,2.7,,point & shoot
631,fujifilm finepix f480 8 2 mp digital camera black extra battery | ebay,fujifilm,f480,8.2,4.0,,2.7,,point & shoot
632,nikon coolpix p510 16 1 mp digital camera black | ebay,nikon,p510,16.1,42.0,,3.0,,point & shoot
633,nikon coolpix p510 16 1 mp digital camera black | ebay,nikon,p510,16.1,42.0,,3.0,,point & shoot
634,nikon coolpix 950 2 0 mp digital camera black | ebay,nikon,950,2.0,3.0,,2.0,,point & shoot
635,nikon coolpix 950 2 0 mp digital camera black | ebay,nikon,950,2.0,3.0,,2.0,,point & shoot
636,fujifilm finepix j series jx580 16 0 mp digital camera black jx580 074101013252 | ebay,fujifilm,jx580,16.0,,,,,point & shoot
637,fujifilm finepix j series jx580 16 0 mp digital camera black jx580 074101013252 | ebay,fujifilm,jx580,16.0,,,,,point & shoot
638,sanyo xacti s770 7 1 mp digital camera red | ebay,sanyo,s770,7.1,3.0,,2.4,,point & shoot
639,sanyo xacti vpc s770pu 7 1 mp digital camera pink | ebay,sanyo,s770pu,7.1,3.0,,2.4,,point & shoot
640,sony cyber shot dsc w90 8 1 mp digital camera black | ebay,sony,dsc w90,8.1,3.0,,2.5,,point & shoot
641,sony cyber shot dsc w90 8 1 mp digital camera black | ebay,sony,dsc w90,8.1,3.0,,2.5,,point & shoot
642,ricoh caplio gx100 10.0 mp digital camera - black,ricoh,gx100,10.0,3.0,,2.5,,point & shoot
643,ricoh caplio gx100 10 0 mp camera black origin access memory mint | ebay,ricoh,gx100,10.0,3.0,,2.5,,point & shoot
644,kodak easyshare z1012 is 10 1 mp digital camera | ebay,kodak,z1012,10.1,12.0,,2.5,,point & shoot
645,kodak easyshare z1012 is 10 1 mp digital camera black | ebay,kodak,z1012,10.1,12.0,,2.5,,point & shoot
646,casio ex fh20 exilim high speed digital camera 9 1mp l k | ebay,casio,ex fh20,9.1,20.0,,3.0,,point & shoot
647,casio ex fh20 exilim high speed digital camera 9 1mp l k | ebay,casio,ex fh20,9.1,20.0,,3.0,,point & shoot
648,hp photosmart e327 5 0 mp digital camera c26 19 | ebay,hp,e327,5.0,1.0,,1.8,,point & shoot
649,hp photosmart e327 5 0 mp digital camera c26 19 | ebay,hp,e327,5.0,1.0,,1.8,,point & shoot
650,fujifilm finepix s series s4250 14 0 mp digital camera black 074101014037 | ebay,fujifilm,s4250,14.0,24.0,,3.0,,bridge camera
651,fujifilm finepix s series s4250 14 0 mp digital camera black 074101014037 | ebay,fujifilm,s4250,14.0,24.0,,3.0,,bridge camera
652,kodak easyshare z700 is 4 0 mp digital camera 1 | ebay,kodak,z700,4.0,5.0,,1.6,,point & shoot
653,kodak easyshare z700 is 4 0 mp digital camera 1 | ebay,kodak,z700,4.0,5.0,,1.6,,point & shoot
654,leica d lux 3 10 0 mp digital camera black w case | ebay,leica,d lux 3,10.0,4.0,,2.8,,point & shoot
655,leica d lux d3 10 0 mp digital camera black 0799429183035 | ebay,leica,d lux d3,10.0,4.0,,2.8,,point & shoot
656,pentax optio rs1000 14 0 mp digital camera white 27075172739 | ebay,pentax,rs1000,14.0,4.0,,3.0,,point & shoot
657,pentax optio rs1000 14 0 mp digital camera black 0027075169678 | ebay,pentax,rs1000,14.0,4.0,,3.0,,point & shoot
658,olympus sz 12 14 0 mp digital camera silver 050332181885 | ebay,olympus,sz 12,14.0,24.0,,3.0,,point & shoot
659,olympus sz 12 14 0 mp digital camera silver 050332181885 | ebay,olympus,sz 12,14.0,24.0,,3.0,,point & shoot
660,sony mavica mvc fd95 2 1 mp digital camera black metallic gray 0027242571662 | ebay,sony,fd95,2.1,10.0,,2.5,,point & shoot
661,sony mavica mvc fd95 2 1 mp digital camera black metallic gray 0027242571662 | ebay,sony,fd95,2.1,10.0,,2.5,,point & shoot
662,canon powershot digital elph sd960 is digital ixus 110 is 12 1 mp digital came | ebay,canon,elph sd960,12.1,4.0,,2.8,,point & shoot
663,canon powershot digital elph sd960 is digital ixus 110 is 12 1 mp | ebay,canon,elph sd960,12.1,4.0,,2.8,,point & shoot
664,polaroid i733 7 0 mp digital camera pink 826219009807 | ebay,polaroid,i733,7.0,3.0,,2.5,,point & shoot
665,polaroid i733 7 0 mp digital camera pink 826219009807 | ebay,polaroid,i733,7.0,3.0,,2.5,,point & shoot
666,polaroid i534 digital camera 5 0 megapixel | ebay,polaroid,i534,5.0,3.0,,2.4,,point & shoot
667,polaroid i534 5 0 mp digital camera silver | ebay,polaroid,i534,5.0,3.0,,2.4,,point & shoot
668,nikon coolpix p7100 10 1 mp digital camera black | ebay,nikon,p7100,10.1,7.1,,3.0,,point & shoot
669,nikon coolpix p7100 10 1 mp digital camera black | ebay,nikon,p7100,10.1,7.1,,3.0,,point & shoot
670,canon powershot g2 4 0 mp digital camera metallic silver | ebay,canon,g2,4.0,3.0,,1.8,,point & shoot
671,canon powershot g2 4 0 mp digital camera metallic silver | ebay,canon,g2,4.0,3.0,,1.8,,point & shoot
672,kodak easyshare dx6490 4 0 mp digital camera black | ebay,kodak,dx6490,4.0,10.0,,2.2,,point & shoot
673,kodak easyshare dx6490 4 0 mp digital camera | ebay,kodak,dx6490,4.0,10.0,,2.2,,point & shoot
674,sony cyber shot dsc w300 13 6mp digital camera w 3x optical zoom 0027242728905 | ebay,sony,dsc w300,13.6,3.0,,2.7,,point & shoot
675,sony cyber shot dsc w300 13 6 mp digital camera black full hd 1080 titanium 0027242728905 | ebay,sony,dsc w300,13.6,3.0,,2.7,,point & shoot
676,pentax optio i 10 12 1 mp digital camera black 027075163553 | ebay,pentax,i 10,12.1,5.0,,2.7,,point & shoot
677,pentax optio i 10 12 1 mp digital camera black 027075163553 | ebay,pentax,i 10,12.1,5.0,,2.7,,point & shoot
678,sony mavica mvc fd75 0 4 mp digital camera metallic silver | ebay,sony,fd75,0.4,10.0,,2.5,,point & shoot
679,sony mavica mvc fd75 0 4 mp digital camera metallic silver | ebay,sony,fd75,0.4,10.0,,2.5,,point & shoot
680,sony cyber shot dsc t1 5 0 mp digital camera silver | ebay,sony,dsc t1,5.0,3.0,,2.5,,point & shoot
681,sony cyber shot dsc t1 5 0 mp digital camera silver | ebay,sony,dsc t1,5.0,3.0,,2.5,,point & shoot
682,olympus fe 4020 14 0 mp digital camera warm gray | ebay,olympus,fe 4020,14.0,4.0,,2.7,,point & shoot
683,olympus fe 4020 14 0 mp digital camera warm gray | ebay,olympus,fe 4020,14.0,4.0,,2.7,,point & shoot
684,nikon coolpix s3300 16 0 mp digital camera purple 018208263127 | ebay,nikon,s3300,16.0,6.0,,2.7,,point & shoot
685,nikon coolpix s3300 16 0 mp digital camera purple 018208263127 | ebay,nikon,s3300,16.0,6.0,,2.7,,point & shoot
686,fujifilm finepix s700 7 1 mp digital camera black 0074101470321 | ebay,fujifilm,s700,7.1,10.0,,2.5,,point & shoot
687,fujifilm finepix s700 7 1 mp digital camera black 0074101470321 | ebay,fujifilm,s700,7.1,10.0,,2.5,,point & shoot
688,canon powershot a520 4 0 mp digital camera silver 013803047837 | ebay,canon,a520,4.0,4.0,3.6,1.8,,point & shoot
689,canon powershot a520 4 0 mp digital camera silver 013803047837 | ebay,canon,a520,4.0,4.0,3.6,1.8,,point & shoot
690,nikon coolpix 4500 4 0 mp digital camera black with charger | ebay,nikon,4500,4.0,4.0,,1.5,,point & shoot
691,nikon coolpix 4500 4 0 mp digital camera black | ebay,nikon,4500,4.0,4.0,,1.5,,point & shoot
692,"ge c1033 10 1 mp digital camera 3x zoom 2 4"" lcd black brand new | ebay",ge,c1033,10.1,3.0,,2.4,,point & shoot
693,ge c1033 10 1 mp digital camera black | ebay,ge,c1033,10.1,3.0,,2.4,,point & shoot
694,olympus stylus 1010 10 1 mp digital camera silver | ebay,olympus,1010,10.1,7.0,,2.7,,point & shoot
695,olympus stylus 1010 digital camera 10 1 mp | ebay,olympus,1010,10.1,7.0,,2.7,,point & shoot
696,canon eos 1ds 11 1 mp digital slr camera with canon 50mm lens 013803021820 | ebay,canon,1ds,11.1,,,2.0,,digital slr
697,canon eos 1ds 11 1mp digital slr camera body 470 013803021820 | ebay,canon,1ds,11.1,,,2.0,,digital slr
698,brand new ge power pro series x600 14 4 mp digital camera white latest model 846951004045 | ebay,ge,x600,14.4,25.0,,2.7,,bridge camera
699,brand new ge power pro series x600 14 4 mp digital camera white latest model 846951004045 | ebay,ge,x600,14.4,25.0,,2.7,,bridge camera
700,nikon coolpix s560 10 0 mp digital camera graphite black | ebay,nikon,s560,10.0,5.0,,2.7,,point & shoot
701,nikon coolpix s560 10 0 mp digital camera graphite black | ebay,nikon,s560,10.0,5.0,,2.7,,point & shoot
702,"2mp hd-sd6a230-hs dahua full hd ptz camera with dome - buy dahua full hd ptz camera,dahua 2 megapixel ptz camera,dahua dome ptz camera product on alibaba.com",dahua,hd-sd6a230-hs,2.0,,16.0,,,
703,"hd-sd6a230-hs 2mp dahua outdoor ptz camera with dome - buy dahua outdoor ptz camera,dahua full hd ptz camera,dahua dome ptz camera product on alibaba.com",dahua,hd-sd6a230-hs,2.0,,16.0,,,
704,olympus stylus tough 8010 卯聹 mju tough 8010 14 0 mp digital camera silver 050332173484 | ebay,olympus,8010,14.0,5.0,,2.7,,point & shoot
705,olympus stylus tough 8010 卯聹 mju tough 8010 14 0 mp digital camera silver 050332173484 | ebay,olympus,8010,14.0,5.0,,2.7,,point & shoot
706,canon powershot sx160 is 16 0 mp digital camera nice used | ebay,canon,sx160,16.0,16.0,,3.0,,point & shoot
707,canon powershot sx160 is 16 0 mp digital camera nice used | ebay,canon,sx160,16.0,16.0,,3.0,,point & shoot
708,canon powershot sx110 is 9 0 mp digital camera black | ebay,canon,sx110,9.0,10.0,,3.0,,point & shoot
709,canon powershot sx110 is 9 0 mp digital camera black | ebay,canon,sx110,9.0,10.0,,3.0,,point & shoot
710,fujifilm ax655 digital camera with 16 megapixels and 5x optical zoom: cameras & camcorders : walmart.com,fujifilm,ax655,16.0,5.0,,,,
711,fujifilm ax655 digital camera with 16 megapixels and 5x optical zoom: cameras & camcorders : walmart.com,fujifilm,ax655,16.0,5.0,,,,
712,olympus tough tg 620 12 0 mp digital camera black 050332182233 | ebay,olympus,tg 620,12.0,5.0,,3.0,,point & shoot
713,olympus tough 12 mp digital camera black tg 620 waterproof 5x optical zoom 050332182233 | ebay,olympus,tg 620,12.0,5.0,,3.0,,point & shoot
714,nikon d1 2 7 mp digital slr camera black body only | ebay,nikon,d1,2.7,,,2.0,,digital slr
715,nikon d1 2 7 mp digital slr camera black body only | ebay,nikon,d1,2.7,,,2.0,,digital slr
716,canon eos 1ds mark ii 16 7mp digital slr camera body 997 013803046274 | ebay,canon,1ds mark ii,16.7,,,2.0,,digital slr
717,canon eos 1ds mark ii 16 7mp digital slr camera body 193 013803046274 | ebay,canon,1ds mark ii,16.7,,,2.0,,digital slr
718,kodak easyshare z760 6 1 mp digital camera silver | ebay,kodak,z760,6.1,3.0,,2.2,,point & shoot
719,kodak easyshare z760 6 1 mp digital camera w series 3 printer dock paper | ebay,kodak,z760,6.1,3.0,,2.2,,point & shoot
720,casio exilim zoom ex z150 8 1 mp digital camera for parts 079767623883 | ebay,casio,ex z150,8.1,4.0,,3.0,,point & shoot
721,casio exilim zoom ex z150 8 1 mp digital camera green | ebay,casio,ex z150,8.1,4.0,,3.0,,point & shoot
722,sony cyber shot dsc w570 16 1 mp digital camera pink 027242816220 | ebay,sony,dsc w570,16.1,5.0,,2.7,,point & shoot
723,sony cyber shot dsc w570 16 1 mp digital camera pink 027242816220 | ebay,sony,dsc w570,16.1,5.0,,2.7,,point & shoot
724,canon powershot sx120 is 10 0 mp digital camera black | ebay,canon,sx120,10.0,10.0,,3.0,,point & shoot
725,canon powershot sx120 is 10 0 mp digital camera black | ebay,canon,sx120,10.0,10.0,,3.0,,point & shoot
726,sony mavica mvc cd1000 2 1 mp digital camera bundle 0027242574380 | ebay,sony,cd1000,2.1,10.0,,2.5,,point & shoot
727,sony mavica mvc cd1000 2 1 mp digital camera black metallic silver 0027242574380 | ebay,sony,cd1000,2.1,10.0,,2.5,,point & shoot
728,fujifilm finepix 2600 zoom 2 0 mp digital camera mint 0074101412017 | ebay,fujifilm,2600,2.0,3.0,,1.8,,point & shoot
729,fujifilm finepix 2600 zoom 2 0 mp digital camera metallic silver | ebay,fujifilm,2600,2.0,3.0,3.0,1.8,,compact
730,nikon coolpix l120 14 1 mp digital camera black 018208262533 | ebay,nikon,l120,14.1,21.0,,3.0,,point & shoot
731,nikon coolpix l120 14 1 mp digital camera black 018208262533 | ebay,nikon,l120,14.1,21.0,,3.0,,point & shoot
732,olympus tough tg 310 14 0 mp digital camera blue 228050 | ebay,olympus,tg 310,14.0,3.6,,2.7,,point & shoot
733,olympus tough tg 310 14 0 mp digital camera white 050332177314 | ebay,olympus,tg 310,14.0,3.6,,2.7,,point & shoot
734,samsung l730 7 2 mp digital camera silver | ebay,samsung,l730,7.2,3.0,,2.5,,point & shoot
735,samsung l730 7 2 mp digital camera silver no charger 1226 | ebay,samsung,l730,7.2,3.0,,2.5,,point & shoot
736,canon powershot sx30 is 14 1 mp digital camera black | ebay,canon,sx30,14.1,35.0,,2.7,,point & shoot
737,canon powershot sx30 is 14 1 mp digital camera black | ebay,canon,sx30,14.1,35.0,,2.7,,point & shoot
738,"h.264 dahua 1.3megapixel network ir dome digital camera ipc-hdbw3110 - buy h.264 dahua 1.3megapixel hd vandal-proof network ir dome camera,micro ip camera 1.3 megapixel ip camera,digital audio recording devices product on alibaba.com",dahua,ipc-hdbw3110,1.3,,,,,
739,"h.264 dahua 1.3megapixel hd vandal-proof network ir dome camera ipc-hdbw3110 - buy h.264 dahua 1.3megapixel hd vandal-proof network ir dome camera,sale digital camera camera ip,digital audio recording devices product on alibaba.com",dahua,ipc-hdbw3110,1.3,,,,,
740,kodak easyshare z1285 12 1 mp digital camera black | ebay,kodak,z1285,12.1,5.0,,2.5,,point & shoot
741,kodak easyshare z1285 12 1 mp digital camera black | ebay,kodak,z1285,12.1,5.0,,2.5,,point & shoot
742,nikon coolpix s570 12 0 mp digital camera black | ebay,nikon,s570,12.0,5.0,,2.7,,point & shoot
743,nikon coolpix s570 12 0 mp digital camera black | ebay,nikon,s570,12.0,5.0,,2.7,,point & shoot
744,canon powershot a480 10 0 mp digital camera red | ebay,canon,a480,10.0,3.3,,2.5,,point & shoot
745,canon powershot a480 10 0 mp digital camera red | ebay,canon,a480,10.0,3.3,,2.5,,point & shoot
746,casio exilim ex fs10 9mp digital camera high speed slow motion video mint | ebay,casio,ex fs10,9.0,3.0,,2.5,,compact
747,casio exilim ex fs10 9 1 mp slow motion digital camera red 079767624552 | ebay,casio,ex fs10,9.1,3.0,,2.5,,point & shoot
748,kodak easyshare m381 12 mp digital camera red | ebay,kodak,m381,12.0,5.0,,3.0,,point & shoot
749,kodak easyshare m381 12 mp digital camera red | ebay,kodak,m381,12.0,5.0,,3.0,,point & shoot
750,sony cyber shot dsc w530 14 1 mp digital camera pink 027242808577 | ebay,sony,dsc w530,14.1,4.0,,2.7,,point & shoot
751,sony cyber shot dsc w530 14 1 mp digital camera pink 027242808577 | ebay,sony,dsc w530,14.1,4.0,,2.7,,point & shoot
752,nikon coolpix l105 12 1 mp digital camera black 018208262854 | ebay,nikon,l105,12.1,15.0,,3.0,,point & shoot
753,nikon coolpix l105 12 1 mp digital camera black 018208262854 | ebay,nikon,l105,12.1,15.0,,3.0,,point & shoot
754,sony cyber shot dsc t30 7 2 mp digital camera black | ebay,sony,dsc t30,7.2,3.0,,3.0,,point & shoot
755,sony cyber shot dsc t30 7 2 mp digital camera black | ebay,sony,dsc t30,7.2,3.0,,3.0,,point & shoot
756,samsung dualview tl210 12 4 mp digital camera mint in the box complete | ebay,samsung,tl210,12.4,5.0,,3.0,,point & shoot
757,samsung dualview tl210 12 4 mp digital camera red | ebay,samsung,tl210,12.4,5.0,,3.0,,point & shoot
758,fujifilm finepix jz100 14mp digital camera 8x optical zoom black 074101012323 | ebay,fujifilm,jz100,14.0,8.0,,2.7,,point & shoot
759,fujifilm finepix jz100 14 0 mp digital camera | ebay,fujifilm,jz100,14.0,8.0,,2.7,,point & shoot
760,nikon coolpix l20 10 0 mp digital camera deep red | ebay,nikon,l20,10.0,3.6,,3.0,,point & shoot
761,nikon coolpix l20 10 0 mp digital camera deep red | ebay,nikon,l20,10.0,3.6,,3.0,,point & shoot
762,canon powershot s3 is 6 0 mp digital camera black | ebay,canon,s3,6.0,12.0,4.0,2.0,,point & shoot
763,canon powershot s3 is 6 0 mp digital camera black | ebay,canon,s3,6.0,12.0,4.0,2.0,,point & shoot
764,nikon coolpix p310 16 1 mp digital camera black | ebay,nikon,p310,16.1,4.2,,3.0,,point & shoot
765,nikon coolpix p310 16 1 mp digital camera black | ebay,nikon,p310,16.1,4.2,,3.0,,point & shoot
766,leica m8 10 3 mp digital camera black body only under 4000 shutter count | ebay,leica,m8,10.3,,,2.5,,rangefinder
767,leica m8 10 3 mp digital camera black body only under 4000 shutter count | ebay,leica,m8,10.3,,,2.5,,rangefinder
768,sony mavica mvc fd7 0 3 mp digital camera steel gray 4901780460687 | ebay,sony,fd7,0.3,10.0,,2.5,,point & shoot
769,sony mavica mvc fd7 0 3 mp digital camera steel gray 4901780460687 | ebay,sony,fd7,0.3,10.0,,2.5,,point & shoot
770,vivitar vivicam t324n 12 1 mp digital camera black 681066308813 | ebay,vivitar,t324n,12.1,3.0,,2.4,,point & shoot
771,vivitar vivicam t324n 12 1 mp digital camera black 681066308813 | ebay,vivitar,t324n,12.1,3.0,,2.4,,point & shoot
772,sony cyber shot dsc h3 8 1 mp digital camera black | ebay,sony,dsc h3,8.1,10.0,,2.5,,point & shoot
773,sony cyber shot dsc h3 8 1 mp digital camera black | ebay,sony,dsc h3,8.1,10.0,,2.5,,point & shoot
774,minolta dimage 7 5 2 mp digital camera w gt 7 2 50 8mm lens 043325992292 | ebay,minolta,7,5.2,,,1.8,,digital slr
775,minolta dimage 7 5 0 mp digital slr camera black metallic silver w 49mm lens 043325992292 | ebay,minolta,7,5.0,,,1.8,,digital slr
776,olympus camedia d 580 zoom 4 0 mp digital camera silver 50332146266 | ebay,olympus,d 580,4.0,3.0,,1.8,,point & shoot
777,olympus camedia d 580 zoom 4 0 mp digital camera silver 50332146266 | ebay,olympus,d 580,4.0,3.0,,1.8,,point & shoot
778,sony mavica mvc cd400 4 0 mp digital camera black silver | ebay,sony,cd400,4.0,3.0,,2.5,,point & shoot
779,sony mavica mvc cd400 4 0 mp digital camera black silver | ebay,sony,cd400,4.0,3.0,,2.5,,point & shoot
780,sony cyber shot dsc p73 digital camera 4 1mp 3x optical zoom 2x digital zoom 027242648395 | ebay,sony,dsc p73,4.1,3.0,,1.5,,point & shoot
781,sony cyber shot dsc p73 digital camera 4 1mp 3x optical zoom 2x digital zoom 027242648395 | ebay,sony,dsc p73,4.1,3.0,,1.5,,point & shoot
782,fujifilm finepix s8400w 16 2 mp digital camera with 44x optical zoom black 074101022421 | ebay,fujifilm,s8400w,16.2,44.0,,3.5,,digital slr
783,fujifilm finepix s8400w 16 2 mp digital camera black | ebay,fujifilm,s8400w,16.2,44.0,,3.0,,point & shoot
784,sony dsc p31 2 0 mp digital camera | ebay,sony,dsc p31,2.0,1.0,,1.6,,point & shoot
785,sony cyber shot dsc p31 2 0 mp digital camera silver | ebay,sony,dsc p31,2.0,1.0,,1.6,,point & shoot
786,canon powershot digital elph s410 digital ixus 430 4 0 mp digital camera | ebay,canon,elph s410,4.0,3.0,,1.5,,point & shoot
787,canon powershot digital elph s410 digital ixus 430 4 0 mp digital camera | ebay,canon,elph s410,4.0,3.0,,1.5,,point & shoot
788,kodak easyshare zd8612 is 8 1 mp digital camera black zd8612is 041771585464 | ebay,kodak,zd8612,8.1,,,,,point & shoot
789,kodak easyshare zd8612 is 8 1 mp digital camera black zd8612is 041771585464 | ebay,kodak,zd8612,8.1,,,,,point & shoot
790,sony cyber shot dsc w180 10 1 mp digital camera black | ebay,sony,dsc w180,10.1,3.0,,2.7,,point & shoot
791,sony cyber shot dsc w180 10 1 mp digital camera black | ebay,sony,dsc w180,10.1,3.0,,2.7,,point & shoot
792,panasonic lumix dmc zs1 10 1 mp 12x digital camera black | ebay,panasonic,zs1,10.1,12.0,4.0,2.7,,point & shoot
793,panasonic lumix dmc zs1 10 1 mp 12x digital camera black | ebay,panasonic,zs1,10.1,12.0,4.0,2.7,,point & shoot
794,sony cyber shot dsc rx100 ii 20 2 mp digital camera black 027242870802 | ebay,sony,dsc rx100 ii,20.2,3.6,,3.0,,point & shoot
795,sony cyber shot dsc rx100 ii 20 2 mp digital camera black 027242870802 | ebay,sony,dsc rx100 ii,20.2,3.6,,3.0,,point & shoot
796,fujifilm finepix jv100 12 2 mp digital camera black | ebay,fujifilm,jv100,12.2,3.0,,2.7,,point & shoot
797,fujifilm finepix jv100 12 2 mp digital camera black | ebay,fujifilm,jv100,12.2,3.0,,2.7,,point & shoot
798,olympus camedia d 360l 1 3 mp digital camera silver 050332127890 | ebay,olympus,d 360l,1.3,3.0,,1.8,,point & shoot
799,olympus camedia d 360l 1 3 megapixel digital camera 050332127890 | ebay,olympus,d 360l,1.3,,,,,
